,store_name,store_id,display_extra_info,display_id,last_scanned_datetime,name,previous_post_scan_num_facings,max_slots,payoff,product_id
53,REAM'S STORE #04,d42cdb23-7cb1-441e-b0db-b8de31f1cf05,Self Checkout 4 (deli cooler),00111d37-65cf-4ced-8bc7-1c86fad2b0a8,2022-11-18 19:02:57+00:00,"Diet Coke Can, 16 fl oz",20.0,43.0,0.0,af1e3098-1fd0-4740-969e-99972a836658
54,REAM'S STORE #04,d42cdb23-7cb1-441e-b0db-b8de31f1cf05,Self Checkout 4 (deli cooler),00111d37-65cf-4ced-8bc7-1c86fad2b0a8,2022-11-18 19:02:57+00:00,"Coca-Cola Zero Sugar Can, 16 fl oz",8.0,43.0,0.0,461ff36f-8658-43dd-a19f-150888082fb2
56,REAM'S STORE #04,d42cdb23-7cb1-441e-b0db-b8de31f1cf05,Self Checkout 4 (deli cooler),00111d37-65cf-4ced-8bc7-1c86fad2b0a8,2022-11-18 19:02:57+00:00,"Coca-Cola Can, 16 fl oz",4.0,43.0,6.070826306913998,db3ef66c-78a4-4124-904d-04d304a8d04c
57,REAM'S STORE #04,d42cdb23-7cb1-441e-b0db-b8de31f1cf05,Self Checkout 4 (deli cooler),00111d37-65cf-4ced-8bc7-1c86fad2b0a8,2022-11-18 19:02:57+00:00,"Sprite Can, 16 fl oz",2.0,43.0,0.0,061645d9-ca92-4b5a-80f3-8ba759bf4475
527,REAM'S STORE #04,d42cdb23-7cb1-441e-b0db-b8de31f1cf05,Self Checkout 4 (deli cooler),00111d37-65cf-4ced-8bc7-1c86fad2b0a8,2022-11-17 21:41:07+00:00,"Diet Coke Can, 12 fl oz",4.0,43.0,10.132916340891322,54296d45-a85a-4142-aaf9-c6a30a188dcb
528,REAM'S STORE #04,d42cdb23-7cb1-441e-b0db-b8de31f1cf05,Self Checkout 4 (deli cooler),00111d37-65cf-4ced-8bc7-1c86fad2b0a8,2022-11-17 21:41:07+00:00,"Coca-Cola Can, 16 fl oz",4.0,43.0,2.251759186864738,db3ef66c-78a4-4124-904d-04d304a8d04c
529,REAM'S STORE #04,d42cdb23-7cb1-441e-b0db-b8de31f1cf05,Self Checkout 4 (deli cooler),00111d37-65cf-4ced-8bc7-1c86fad2b0a8,2022-11-17 21:41:07+00:00,"Sprite Can, 16 fl oz",2.0,43.0,0.0,061645d9-ca92-4b5a-80f3-8ba759bf4475
530,REAM'S STORE #04,d42cdb23-7cb1-441e-b0db-b8de31f1cf05,Self Checkout 4 (deli cooler),00111d37-65cf-4ced-8bc7-1c86fad2b0a8,2022-11-17 21:41:07+00:00,"Coca-Cola Zero Sugar Can, 16 fl oz",8.0,43.0,0.0,461ff36f-8658-43dd-a19f-150888082fb2
531,REAM'S STORE #04,d42cdb23-7cb1-441e-b0db-b8de31f1cf05,Self Checkout 4 (deli cooler),00111d37-65cf-4ced-8bc7-1c86fad2b0a8,2022-11-17 21:41:07+00:00,"Diet Coke Can, 16 fl oz",24.0,43.0,0.0,af1e3098-1fd0-4740-969e-99972a836658
612,MACEYS SANTAQUIN,482dcebf-819c-40cc-b36f-2822f0a13589,Self checkout 3,ffc22e91-825e-4921-a90e-30d15b7af37f,2022-11-17 18:07:04+00:00,"Sprite Bottle, 20 fl oz",3.0,18.0,0.0,fac3c507-24ce-4dbb-872c-9dcaddc40dd6
613,MACEYS SANTAQUIN,482dcebf-819c-40cc-b36f-2822f0a13589,Self checkout 3,ffc22e91-825e-4921-a90e-30d15b7af37f,2022-11-17 18:07:04+00:00,"DASANI Purified Water Bottle, 20 fl oz",5.0,18.0,0.0,9d5d2259-6fa3-4d29-8cde-fe6b1498cd7d
614,MACEYS SANTAQUIN,482dcebf-819c-40cc-b36f-2822f0a13589,Self checkout 3,ffc22e91-825e-4921-a90e-30d15b7af37f,2022-11-17 18:07:04+00:00,"Diet Coke Bottle, 20 fl oz",3.0,18.0,0.0,a701c623-579d-42bd-a2fe-a34578c54b24
615,MACEYS SANTAQUIN,482dcebf-819c-40cc-b36f-2822f0a13589,Self checkout 3,ffc22e91-825e-4921-a90e-30d15b7af37f,2022-11-17 18:07:04+00:00,"Coca-Cola Bottle, 20 fl oz",3.0,18.0,1.0457516339869282,cc8c2d73-c386-4814-91b0-f338947f26bc
616,MACEYS SANTAQUIN,482dcebf-819c-40cc-b36f-2822f0a13589,Self checkout 3,ffc22e91-825e-4921-a90e-30d15b7af37f,2022-11-17 18:07:04+00:00,"Coca-Cola Zero Sugar Bottle, 20 fl oz",3.0,18.0,0.0,a2673d8c-c3a0-47d3-b72d-605503f1a21a
1009,REAM'S STORE #04,d42cdb23-7cb1-441e-b0db-b8de31f1cf05,Self Checkout 4 (deli cooler),00111d37-65cf-4ced-8bc7-1c86fad2b0a8,2022-11-14 22:51:28+00:00,"Diet Coke Can, 16 fl oz",23.0,43.0,13.565708902496468,af1e3098-1fd0-4740-969e-99972a836658
1010,REAM'S STORE #04,d42cdb23-7cb1-441e-b0db-b8de31f1cf05,Self Checkout 4 (deli cooler),00111d37-65cf-4ced-8bc7-1c86fad2b0a8,2022-11-14 22:51:28+00:00,"Diet Coke Can, 12 fl oz",1.0,43.0,0.0,54296d45-a85a-4142-aaf9-c6a30a188dcb
1011,REAM'S STORE #04,d42cdb23-7cb1-441e-b0db-b8de31f1cf05,Self Checkout 4 (deli cooler),00111d37-65cf-4ced-8bc7-1c86fad2b0a8,2022-11-14 22:51:28+00:00,"Sprite Can, 16 fl oz",4.0,43.0,1.6957136128120585,061645d9-ca92-4b5a-80f3-8ba759bf4475
1012,REAM'S STORE #04,d42cdb23-7cb1-441e-b0db-b8de31f1cf05,Self Checkout 4 (deli cooler),00111d37-65cf-4ced-8bc7-1c86fad2b0a8,2022-11-14 22:51:28+00:00,"Coca-Cola Zero Sugar Can, 16 fl oz",9.0,43.0,2.03485633537447,461ff36f-8658-43dd-a19f-150888082fb2
1609,MACEYS SANTAQUIN,482dcebf-819c-40cc-b36f-2822f0a13589,Self checkout 3,ffc22e91-825e-4921-a90e-30d15b7af37f,2022-11-14 16:51:50+00:00,"Diet Coke Bottle, 13.2 fl oz",1.0,18.0,0.0,9f12dcd4-38c5-4a0f-939f-30d70d8e6342
1610,MACEYS SANTAQUIN,482dcebf-819c-40cc-b36f-2822f0a13589,Self checkout 3,ffc22e91-825e-4921-a90e-30d15b7af37f,2022-11-14 16:51:50+00:00,"Coca-Cola Bottle, 20 fl oz",3.0,18.0,0.0,cc8c2d73-c386-4814-91b0-f338947f26bc
1611,MACEYS SANTAQUIN,482dcebf-819c-40cc-b36f-2822f0a13589,Self checkout 3,ffc22e91-825e-4921-a90e-30d15b7af37f,2022-11-14 16:51:50+00:00,"Sprite Bottle, 20 fl oz",3.0,18.0,0.0,fac3c507-24ce-4dbb-872c-9dcaddc40dd6
1612,MACEYS SANTAQUIN,482dcebf-819c-40cc-b36f-2822f0a13589,Self checkout 3,ffc22e91-825e-4921-a90e-30d15b7af37f,2022-11-14 16:51:50+00:00,"DASANI Purified Water Bottle, 20 fl oz",6.0,18.0,1.4974003466204506,9d5d2259-6fa3-4d29-8cde-fe6b1498cd7d
1613,MACEYS SANTAQUIN,482dcebf-819c-40cc-b36f-2822f0a13589,Self checkout 3,ffc22e91-825e-4921-a90e-30d15b7af37f,2022-11-14 16:51:50+00:00,"Diet Coke Bottle, 20 fl oz",2.0,18.0,0.0,a701c623-579d-42bd-a2fe-a34578c54b24
1614,MACEYS SANTAQUIN,482dcebf-819c-40cc-b36f-2822f0a13589,Self checkout 3,ffc22e91-825e-4921-a90e-30d15b7af37f,2022-11-14 16:51:50+00:00,"Coca-Cola Zero Sugar Bottle, 20 fl oz",3.0,18.0,0.0,a2673d8c-c3a0-47d3-b72d-605503f1a21a
1909,REAM'S STORE #04,d42cdb23-7cb1-441e-b0db-b8de31f1cf05,Self Checkout 4 (deli cooler),00111d37-65cf-4ced-8bc7-1c86fad2b0a8,2022-11-12 22:22:06+00:00,"Coca-Cola Zero Sugar Can, 16 fl oz",7.0,43.0,0.0,461ff36f-8658-43dd-a19f-150888082fb2
1910,REAM'S STORE #04,d42cdb23-7cb1-441e-b0db-b8de31f1cf05,Self Checkout 4 (deli cooler),00111d37-65cf-4ced-8bc7-1c86fad2b0a8,2022-11-12 22:22:06+00:00,"Diet Coke Can, 12 fl oz",16.0,43.0,0.0,54296d45-a85a-4142-aaf9-c6a30a188dcb
1911,REAM'S STORE #04,d42cdb23-7cb1-441e-b0db-b8de31f1cf05,Self Checkout 4 (deli cooler),00111d37-65cf-4ced-8bc7-1c86fad2b0a8,2022-11-12 22:22:06+00:00,"Sprite Can, 16 fl oz",5.0,43.0,0.0,061645d9-ca92-4b5a-80f3-8ba759bf4475
1912,REAM'S STORE #04,d42cdb23-7cb1-441e-b0db-b8de31f1cf05,Self Checkout 4 (deli cooler),00111d37-65cf-4ced-8bc7-1c86fad2b0a8,2022-11-12 22:22:06+00:00,"Coca-Cola Can, 16 fl oz",2.0,43.0,1.9807427785419534,db3ef66c-78a4-4124-904d-04d304a8d04c
1913,REAM'S STORE #04,d42cdb23-7cb1-441e-b0db-b8de31f1cf05,Self Checkout 4 (deli cooler),00111d37-65cf-4ced-8bc7-1c86fad2b0a8,2022-11-12 22:22:06+00:00,"Diet Coke Can, 16 fl oz",12.0,43.0,0.0,af1e3098-1fd0-4740-969e-99972a836658
2320,MACEYS SANTAQUIN,482dcebf-819c-40cc-b36f-2822f0a13589,Self checkout 3,ffc22e91-825e-4921-a90e-30d15b7af37f,2022-11-13 21:30:24+00:00,"Coca-Cola Bottle, 20 fl oz",3.0,18.0,0.0,cc8c2d73-c386-4814-91b0-f338947f26bc
2321,MACEYS SANTAQUIN,482dcebf-819c-40cc-b36f-2822f0a13589,Self checkout 3,ffc22e91-825e-4921-a90e-30d15b7af37f,2022-11-13 21:30:24+00:00,"DASANI Purified Water Bottle, 20 fl oz",6.0,18.0,0.0,9d5d2259-6fa3-4d29-8cde-fe6b1498cd7d
2322,MACEYS SANTAQUIN,482dcebf-819c-40cc-b36f-2822f0a13589,Self checkout 3,ffc22e91-825e-4921-a90e-30d15b7af37f,2022-11-13 21:30:24+00:00,"Coca-Cola Zero Sugar Bottle, 20 fl oz",3.0,18.0,0.0,a2673d8c-c3a0-47d3-b72d-605503f1a21a
2323,MACEYS SANTAQUIN,482dcebf-819c-40cc-b36f-2822f0a13589,Self checkout 3,ffc22e91-825e-4921-a90e-30d15b7af37f,2022-11-13 21:30:24+00:00,"Diet Coke Bottle, 20 fl oz",3.0,18.0,4.9655172413793105,a701c623-579d-42bd-a2fe-a34578c54b24
2324,MACEYS SANTAQUIN,482dcebf-819c-40cc-b36f-2822f0a13589,Self checkout 3,ffc22e91-825e-4921-a90e-30d15b7af37f,2022-11-13 21:30:24+00:00,"Sprite Bottle, 20 fl oz",3.0,18.0,6.206896551724139,fac3c507-24ce-4dbb-872c-9dcaddc40dd6
2630,MACEYS SANTAQUIN,482dcebf-819c-40cc-b36f-2822f0a13589,Self checkout 3,ffc22e91-825e-4921-a90e-30d15b7af37f,2022-11-12 21:08:13+00:00,"Coca-Cola Zero Sugar Bottle, 20 fl oz",3.0,18.0,0.0,a2673d8c-c3a0-47d3-b72d-605503f1a21a
2631,MACEYS SANTAQUIN,482dcebf-819c-40cc-b36f-2822f0a13589,Self checkout 3,ffc22e91-825e-4921-a90e-30d15b7af37f,2022-11-12 21:08:13+00:00,"Coca-Cola Bottle, 20 fl oz",3.0,18.0,2.9589041095890414,cc8c2d73-c386-4814-91b0-f338947f26bc
2632,MACEYS SANTAQUIN,482dcebf-819c-40cc-b36f-2822f0a13589,Self checkout 3,ffc22e91-825e-4921-a90e-30d15b7af37f,2022-11-12 21:08:13+00:00,"DASANI Purified Water Bottle, 20 fl oz",6.0,18.0,0.0,9d5d2259-6fa3-4d29-8cde-fe6b1498cd7d
2633,MACEYS SANTAQUIN,482dcebf-819c-40cc-b36f-2822f0a13589,Self checkout 3,ffc22e91-825e-4921-a90e-30d15b7af37f,2022-11-12 21:08:13+00:00,"Sprite Bottle, 20 fl oz",3.0,18.0,2.9589041095890414,fac3c507-24ce-4dbb-872c-9dcaddc40dd6
2634,MACEYS SANTAQUIN,482dcebf-819c-40cc-b36f-2822f0a13589,Self checkout 3,ffc22e91-825e-4921-a90e-30d15b7af37f,2022-11-12 21:08:13+00:00,"Diet Coke Bottle, 20 fl oz",3.0,18.0,0.9863013698630138,a701c623-579d-42bd-a2fe-a34578c54b24
3089,REAM'S STORE #04,d42cdb23-7cb1-441e-b0db-b8de31f1cf05,Self Checkout 4 (deli cooler),00111d37-65cf-4ced-8bc7-1c86fad2b0a8,2022-11-11 17:38:57+00:00,"Coca-Cola Zero Sugar Can, 16 fl oz",7.0,43.0,0.0,461ff36f-8658-43dd-a19f-150888082fb2
3091,REAM'S STORE #04,d42cdb23-7cb1-441e-b0db-b8de31f1cf05,Self Checkout 4 (deli cooler),00111d37-65cf-4ced-8bc7-1c86fad2b0a8,2022-11-11 17:38:57+00:00,"Coca-Cola Can, 16 fl oz",2.0,43.0,7.530505520046484,db3ef66c-78a4-4124-904d-04d304a8d04c
3092,REAM'S STORE #04,d42cdb23-7cb1-441e-b0db-b8de31f1cf05,Self Checkout 4 (deli cooler),00111d37-65cf-4ced-8bc7-1c86fad2b0a8,2022-11-11 17:38:57+00:00,"Diet Coke Can, 12 fl oz",10.0,43.0,0.0,54296d45-a85a-4142-aaf9-c6a30a188dcb
3093,REAM'S STORE #04,d42cdb23-7cb1-441e-b0db-b8de31f1cf05,Self Checkout 4 (deli cooler),00111d37-65cf-4ced-8bc7-1c86fad2b0a8,2022-11-11 17:38:57+00:00,"Sprite Can, 16 fl oz",5.0,43.0,3.346891342242882,061645d9-ca92-4b5a-80f3-8ba759bf4475
3237,MACEYS SANTAQUIN,482dcebf-819c-40cc-b36f-2822f0a13589,Self checkout 3,ffc22e91-825e-4921-a90e-30d15b7af37f,2022-11-11 20:38:19+00:00,"Sprite Bottle, 20 fl oz",3.0,18.0,0.0,fac3c507-24ce-4dbb-872c-9dcaddc40dd6
3238,MACEYS SANTAQUIN,482dcebf-819c-40cc-b36f-2822f0a13589,Self checkout 3,ffc22e91-825e-4921-a90e-30d15b7af37f,2022-11-11 20:38:19+00:00,"Diet Coke Bottle, 20 fl oz",3.0,18.0,0.0,a701c623-579d-42bd-a2fe-a34578c54b24
3239,MACEYS SANTAQUIN,482dcebf-819c-40cc-b36f-2822f0a13589,Self checkout 3,ffc22e91-825e-4921-a90e-30d15b7af37f,2022-11-11 20:38:19+00:00,"DASANI Purified Water Bottle, 20 fl oz",5.0,18.0,0.0,9d5d2259-6fa3-4d29-8cde-fe6b1498cd7d
3240,MACEYS SANTAQUIN,482dcebf-819c-40cc-b36f-2822f0a13589,Self checkout 3,ffc22e91-825e-4921-a90e-30d15b7af37f,2022-11-11 20:38:19+00:00,"Coca-Cola Zero Sugar Bottle, 20 fl oz",3.0,18.0,1.9645293315143249,a2673d8c-c3a0-47d3-b72d-605503f1a21a
3241,MACEYS SANTAQUIN,482dcebf-819c-40cc-b36f-2822f0a13589,Self checkout 3,ffc22e91-825e-4921-a90e-30d15b7af37f,2022-11-11 20:38:19+00:00,"Coca-Cola Bottle, 20 fl oz",3.0,18.0,2.946793997271487,cc8c2d73-c386-4814-91b0-f338947f26bc
4091,MACEYS SANTAQUIN,482dcebf-819c-40cc-b36f-2822f0a13589,Self checkout 3,ffc22e91-825e-4921-a90e-30d15b7af37f,2022-11-09 17:24:20+00:00,"DASANI Purified Water Bottle, 20 fl oz",2.0,18.0,0.0,9d5d2259-6fa3-4d29-8cde-fe6b1498cd7d
4092,MACEYS SANTAQUIN,482dcebf-819c-40cc-b36f-2822f0a13589,Self checkout 3,ffc22e91-825e-4921-a90e-30d15b7af37f,2022-11-09 17:24:20+00:00,"Diet Coke Bottle, 20 fl oz",2.0,18.0,0.0,a701c623-579d-42bd-a2fe-a34578c54b24
4093,MACEYS SANTAQUIN,482dcebf-819c-40cc-b36f-2822f0a13589,Self checkout 3,ffc22e91-825e-4921-a90e-30d15b7af37f,2022-11-09 17:24:20+00:00,"Sprite Bottle, 20 fl oz",1.0,18.0,0.0,fac3c507-24ce-4dbb-872c-9dcaddc40dd6
4094,MACEYS SANTAQUIN,482dcebf-819c-40cc-b36f-2822f0a13589,Self checkout 3,ffc22e91-825e-4921-a90e-30d15b7af37f,2022-11-09 17:24:20+00:00,"Coca-Cola Zero Sugar Bottle, 20 fl oz",2.0,18.0,0.0,a2673d8c-c3a0-47d3-b72d-605503f1a21a
4095,MACEYS SANTAQUIN,482dcebf-819c-40cc-b36f-2822f0a13589,Self checkout 3,ffc22e91-825e-4921-a90e-30d15b7af37f,2022-11-09 17:24:20+00:00,"Coca-Cola Bottle, 20 fl oz",1.0,18.0,0.0,cc8c2d73-c386-4814-91b0-f338947f26bc
4358,REAM'S STORE #04,d42cdb23-7cb1-441e-b0db-b8de31f1cf05,Self Checkout 4 (deli cooler),00111d37-65cf-4ced-8bc7-1c86fad2b0a8,2022-11-10 21:04:19+00:00,"Diet Coke Can, 12 fl oz",13.0,43.0,0.0,54296d45-a85a-4142-aaf9-c6a30a188dcb
4359,REAM'S STORE #04,d42cdb23-7cb1-441e-b0db-b8de31f1cf05,Self Checkout 4 (deli cooler),00111d37-65cf-4ced-8bc7-1c86fad2b0a8,2022-11-10 21:04:19+00:00,"Coca-Cola Zero Sugar Can, 16 fl oz",8.0,43.0,2.550930026572188,461ff36f-8658-43dd-a19f-150888082fb2
4360,REAM'S STORE #04,d42cdb23-7cb1-441e-b0db-b8de31f1cf05,Self Checkout 4 (deli cooler),00111d37-65cf-4ced-8bc7-1c86fad2b0a8,2022-11-10 21:04:19+00:00,"Diet Coke Can, 16 fl oz",15.0,43.0,0.0,af1e3098-1fd0-4740-969e-99972a836658
4361,REAM'S STORE #04,d42cdb23-7cb1-441e-b0db-b8de31f1cf05,Self Checkout 4 (deli cooler),00111d37-65cf-4ced-8bc7-1c86fad2b0a8,2022-11-10 21:04:19+00:00,"Sprite Can, 16 fl oz",5.0,43.0,0.0,061645d9-ca92-4b5a-80f3-8ba759bf4475
4802,REAM'S STORE #04,d42cdb23-7cb1-441e-b0db-b8de31f1cf05,Self Checkout 4 (deli cooler),00111d37-65cf-4ced-8bc7-1c86fad2b0a8,2022-11-09 17:05:07+00:00,"Diet Coke Can, 12 fl oz",18.0,43.0,0.0,54296d45-a85a-4142-aaf9-c6a30a188dcb
4803,REAM'S STORE #04,d42cdb23-7cb1-441e-b0db-b8de31f1cf05,Self Checkout 4 (deli cooler),00111d37-65cf-4ced-8bc7-1c86fad2b0a8,2022-11-09 17:05:07+00:00,"Fanta Orange Soda Can, 16 fl oz",2.0,43.0,0.8602150537634408,3961d7ae-5ce4-4600-9190-c8b4e8036943
4804,REAM'S STORE #04,d42cdb23-7cb1-441e-b0db-b8de31f1cf05,Self Checkout 4 (deli cooler),00111d37-65cf-4ced-8bc7-1c86fad2b0a8,2022-11-09 17:05:07+00:00,"Sprite Cans, 12 fl oz, 6 Pack",1.0,43.0,0.8602150537634408,8f3f5f54-8940-45a4-ad6a-6266611e8220
4805,REAM'S STORE #04,d42cdb23-7cb1-441e-b0db-b8de31f1cf05,Self Checkout 4 (deli cooler),00111d37-65cf-4ced-8bc7-1c86fad2b0a8,2022-11-09 17:05:07+00:00,"Coca-Cola Can, 16 fl oz",4.0,43.0,4.301075268817204,db3ef66c-78a4-4124-904d-04d304a8d04c
4806,REAM'S STORE #04,d42cdb23-7cb1-441e-b0db-b8de31f1cf05,Self Checkout 4 (deli cooler),00111d37-65cf-4ced-8bc7-1c86fad2b0a8,2022-11-09 17:05:07+00:00,"Coca-Cola Zero Sugar Can, 16 fl oz",12.0,43.0,0.0,461ff36f-8658-43dd-a19f-150888082fb2
4807,REAM'S STORE #04,d42cdb23-7cb1-441e-b0db-b8de31f1cf05,Self Checkout 4 (deli cooler),00111d37-65cf-4ced-8bc7-1c86fad2b0a8,2022-11-09 17:05:07+00:00,"Sprite Can, 16 fl oz",9.0,43.0,0.0,061645d9-ca92-4b5a-80f3-8ba759bf4475
4808,REAM'S STORE #04,d42cdb23-7cb1-441e-b0db-b8de31f1cf05,Self Checkout 4 (deli cooler),00111d37-65cf-4ced-8bc7-1c86fad2b0a8,2022-11-09 17:05:07+00:00,"Diet Coke Can, 16 fl oz",20.0,43.0,0.0,af1e3098-1fd0-4740-969e-99972a836658
6374,MACEYS SANTAQUIN,482dcebf-819c-40cc-b36f-2822f0a13589,Self checkout 3,ffc22e91-825e-4921-a90e-30d15b7af37f,2022-11-07 15:34:53+00:00,"DASANI Purified Water Bottle, 20 fl oz",4.0,18.0,0.0,9d5d2259-6fa3-4d29-8cde-fe6b1498cd7d
6375,MACEYS SANTAQUIN,482dcebf-819c-40cc-b36f-2822f0a13589,Self checkout 3,ffc22e91-825e-4921-a90e-30d15b7af37f,2022-11-07 15:34:53+00:00,"Coca-Cola Bottle, 20 fl oz",3.0,18.0,0.0,cc8c2d73-c386-4814-91b0-f338947f26bc
6376,MACEYS SANTAQUIN,482dcebf-819c-40cc-b36f-2822f0a13589,Self checkout 3,ffc22e91-825e-4921-a90e-30d15b7af37f,2022-11-07 15:34:53+00:00,"Diet Coke Bottle, 20 fl oz",1.0,18.0,0.0,a701c623-579d-42bd-a2fe-a34578c54b24
6377,MACEYS SANTAQUIN,482dcebf-819c-40cc-b36f-2822f0a13589,Self checkout 3,ffc22e91-825e-4921-a90e-30d15b7af37f,2022-11-07 15:34:53+00:00,"Sprite Bottle, 20 fl oz",1.0,18.0,0.0,fac3c507-24ce-4dbb-872c-9dcaddc40dd6
6378,MACEYS SANTAQUIN,482dcebf-819c-40cc-b36f-2822f0a13589,Self checkout 3,ffc22e91-825e-4921-a90e-30d15b7af37f,2022-11-07 15:34:53+00:00,"Coca-Cola Zero Sugar Bottle, 20 fl oz",1.0,18.0,0.0,a2673d8c-c3a0-47d3-b72d-605503f1a21a
6500,REAM'S STORE #04,d42cdb23-7cb1-441e-b0db-b8de31f1cf05,Self Checkout 4 (deli cooler),00111d37-65cf-4ced-8bc7-1c86fad2b0a8,2022-11-07 16:31:57+00:00,"Sprite Can, 16 fl oz",5.0,43.0,0.0,061645d9-ca92-4b5a-80f3-8ba759bf4475
6501,REAM'S STORE #04,d42cdb23-7cb1-441e-b0db-b8de31f1cf05,Self Checkout 4 (deli cooler),00111d37-65cf-4ced-8bc7-1c86fad2b0a8,2022-11-07 16:31:57+00:00,"Diet Coke Can, 16 fl oz",12.0,43.0,9.807037457434733,af1e3098-1fd0-4740-969e-99972a836658
6502,REAM'S STORE #04,d42cdb23-7cb1-441e-b0db-b8de31f1cf05,Self Checkout 4 (deli cooler),00111d37-65cf-4ced-8bc7-1c86fad2b0a8,2022-11-07 16:31:57+00:00,"Coca-Cola Can, 16 fl oz",2.0,43.0,0.0,db3ef66c-78a4-4124-904d-04d304a8d04c
6503,REAM'S STORE #04,d42cdb23-7cb1-441e-b0db-b8de31f1cf05,Self Checkout 4 (deli cooler),00111d37-65cf-4ced-8bc7-1c86fad2b0a8,2022-11-07 16:31:57+00:00,"Diet Coke Can, 12 fl oz",16.0,43.0,0.0,54296d45-a85a-4142-aaf9-c6a30a188dcb
6504,REAM'S STORE #04,d42cdb23-7cb1-441e-b0db-b8de31f1cf05,Self Checkout 4 (deli cooler),00111d37-65cf-4ced-8bc7-1c86fad2b0a8,2022-11-07 16:31:57+00:00,"Fanta Orange Soda Can, 16 fl oz",1.0,43.0,1.6345062429057888,3961d7ae-5ce4-4600-9190-c8b4e8036943
6505,REAM'S STORE #04,d42cdb23-7cb1-441e-b0db-b8de31f1cf05,Self Checkout 4 (deli cooler),00111d37-65cf-4ced-8bc7-1c86fad2b0a8,2022-11-07 16:31:57+00:00,"Coca-Cola Zero Sugar Can, 16 fl oz",6.0,43.0,4.086265607264472,461ff36f-8658-43dd-a19f-150888082fb2
7716,REAM'S STORE #04,d42cdb23-7cb1-441e-b0db-b8de31f1cf05,Self Checkout 4 (deli cooler),00111d37-65cf-4ced-8bc7-1c86fad2b0a8,2022-11-05 21:01:56+00:00,"Fanta Orange Soda Can, 16 fl oz",1.0,43.0,0.0,3961d7ae-5ce4-4600-9190-c8b4e8036943
7717,REAM'S STORE #04,d42cdb23-7cb1-441e-b0db-b8de31f1cf05,Self Checkout 4 (deli cooler),00111d37-65cf-4ced-8bc7-1c86fad2b0a8,2022-11-05 21:01:56+00:00,"Diet Coke Can, 12 fl oz",11.0,43.0,0.0,54296d45-a85a-4142-aaf9-c6a30a188dcb
7719,REAM'S STORE #04,d42cdb23-7cb1-441e-b0db-b8de31f1cf05,Self Checkout 4 (deli cooler),00111d37-65cf-4ced-8bc7-1c86fad2b0a8,2022-11-05 21:01:56+00:00,"Coca-Cola Zero Sugar Can, 16 fl oz",6.0,43.0,0.0,461ff36f-8658-43dd-a19f-150888082fb2
7720,REAM'S STORE #04,d42cdb23-7cb1-441e-b0db-b8de31f1cf05,Self Checkout 4 (deli cooler),00111d37-65cf-4ced-8bc7-1c86fad2b0a8,2022-11-05 21:01:56+00:00,"Sprite Can, 16 fl oz",5.0,43.0,0.0,061645d9-ca92-4b5a-80f3-8ba759bf4475
7721,REAM'S STORE #04,d42cdb23-7cb1-441e-b0db-b8de31f1cf05,Self Checkout 4 (deli cooler),00111d37-65cf-4ced-8bc7-1c86fad2b0a8,2022-11-05 21:01:56+00:00,"Coca-Cola Can, 16 fl oz",2.0,43.0,0.0,db3ef66c-78a4-4124-904d-04d304a8d04c
7752,MACEYS SANTAQUIN,482dcebf-819c-40cc-b36f-2822f0a13589,Self checkout 3,ffc22e91-825e-4921-a90e-30d15b7af37f,2022-11-06 19:35:10+00:00,"DASANI Purified Water Bottle, 20 fl oz",6.0,18.0,8.414023372287145,9d5d2259-6fa3-4d29-8cde-fe6b1498cd7d
7753,MACEYS SANTAQUIN,482dcebf-819c-40cc-b36f-2822f0a13589,Self checkout 3,ffc22e91-825e-4921-a90e-30d15b7af37f,2022-11-06 19:35:10+00:00,"Sprite Bottle, 20 fl oz",3.0,18.0,3.606010016694491,fac3c507-24ce-4dbb-872c-9dcaddc40dd6
7754,MACEYS SANTAQUIN,482dcebf-819c-40cc-b36f-2822f0a13589,Self checkout 3,ffc22e91-825e-4921-a90e-30d15b7af37f,2022-11-06 19:35:10+00:00,"Diet Coke Bottle, 20 fl oz",3.0,18.0,6.010016694490819,a701c623-579d-42bd-a2fe-a34578c54b24
7755,MACEYS SANTAQUIN,482dcebf-819c-40cc-b36f-2822f0a13589,Self checkout 3,ffc22e91-825e-4921-a90e-30d15b7af37f,2022-11-06 19:35:10+00:00,"Coca-Cola Zero Sugar Bottle, 20 fl oz",3.0,18.0,4.808013355592655,a2673d8c-c3a0-47d3-b72d-605503f1a21a
8160,MACEYS SANTAQUIN,482dcebf-819c-40cc-b36f-2822f0a13589,Self checkout 3,ffc22e91-825e-4921-a90e-30d15b7af37f,2022-11-05 19:53:23+00:00,"Sprite Bottle, 20 fl oz",2.0,18.0,0.0,fac3c507-24ce-4dbb-872c-9dcaddc40dd6
8161,MACEYS SANTAQUIN,482dcebf-819c-40cc-b36f-2822f0a13589,Self checkout 3,ffc22e91-825e-4921-a90e-30d15b7af37f,2022-11-05 19:53:23+00:00,"DASANI Purified Water Bottle, 20 fl oz",6.0,18.0,0.0,9d5d2259-6fa3-4d29-8cde-fe6b1498cd7d
8162,MACEYS SANTAQUIN,482dcebf-819c-40cc-b36f-2822f0a13589,Self checkout 3,ffc22e91-825e-4921-a90e-30d15b7af37f,2022-11-05 19:53:23+00:00,"Diet Coke Bottle, 20 fl oz",3.0,18.0,0.0,a701c623-579d-42bd-a2fe-a34578c54b24
8163,MACEYS SANTAQUIN,482dcebf-819c-40cc-b36f-2822f0a13589,Self checkout 3,ffc22e91-825e-4921-a90e-30d15b7af37f,2022-11-05 19:53:23+00:00,"Sprite Winter Spiced Cranberry Bottle, 20 fl oz",1.0,18.0,3.0422535211267605,b264e69d-445c-4284-bb50-e7ecea874377
8164,MACEYS SANTAQUIN,482dcebf-819c-40cc-b36f-2822f0a13589,Self checkout 3,ffc22e91-825e-4921-a90e-30d15b7af37f,2022-11-05 19:53:23+00:00,"Coca-Cola Zero Sugar Bottle, 20 fl oz",3.0,18.0,0.0,a2673d8c-c3a0-47d3-b72d-605503f1a21a
8165,MACEYS SANTAQUIN,482dcebf-819c-40cc-b36f-2822f0a13589,Self checkout 3,ffc22e91-825e-4921-a90e-30d15b7af37f,2022-11-05 19:53:23+00:00,"Coca-Cola Bottle, 20 fl oz",3.0,18.0,0.0,cc8c2d73-c386-4814-91b0-f338947f26bc
8550,REAM'S STORE #04,d42cdb23-7cb1-441e-b0db-b8de31f1cf05,Self Checkout 4 (deli cooler),00111d37-65cf-4ced-8bc7-1c86fad2b0a8,2022-11-04 14:25:46+00:00,"Coca-Cola Can, 16 fl oz",2.0,43.0,7.06267029972752,db3ef66c-78a4-4124-904d-04d304a8d04c
8551,REAM'S STORE #04,d42cdb23-7cb1-441e-b0db-b8de31f1cf05,Self Checkout 4 (deli cooler),00111d37-65cf-4ced-8bc7-1c86fad2b0a8,2022-11-04 14:25:46+00:00,"Fanta Orange Soda Can, 16 fl oz",1.0,43.0,3.1389645776566755,3961d7ae-5ce4-4600-9190-c8b4e8036943
8552,REAM'S STORE #04,d42cdb23-7cb1-441e-b0db-b8de31f1cf05,Self Checkout 4 (deli cooler),00111d37-65cf-4ced-8bc7-1c86fad2b0a8,2022-11-04 14:25:46+00:00,"Sprite Can, 16 fl oz",5.0,43.0,9.416893732970028,061645d9-ca92-4b5a-80f3-8ba759bf4475
8553,REAM'S STORE #04,d42cdb23-7cb1-441e-b0db-b8de31f1cf05,Self Checkout 4 (deli cooler),00111d37-65cf-4ced-8bc7-1c86fad2b0a8,2022-11-04 14:25:46+00:00,"Coca-Cola Zero Sugar Can, 16 fl oz",6.0,43.0,10.986376021798366,461ff36f-8658-43dd-a19f-150888082fb2
8554,REAM'S STORE #04,d42cdb23-7cb1-441e-b0db-b8de31f1cf05,Self Checkout 4 (deli cooler),00111d37-65cf-4ced-8bc7-1c86fad2b0a8,2022-11-04 14:25:46+00:00,"Diet Coke Can, 12 fl oz",1.0,43.0,3.9237057220708444,54296d45-a85a-4142-aaf9-c6a30a188dcb
8665,MACEYS SANTAQUIN,482dcebf-819c-40cc-b36f-2822f0a13589,Self checkout 3,ffc22e91-825e-4921-a90e-30d15b7af37f,2022-11-04 19:25:05+00:00,"Diet Coke Bottle, 20 fl oz",3.0,18.0,3.945205479452055,a701c623-579d-42bd-a2fe-a34578c54b24
8666,MACEYS SANTAQUIN,482dcebf-819c-40cc-b36f-2822f0a13589,Self checkout 3,ffc22e91-825e-4921-a90e-30d15b7af37f,2022-11-04 19:25:05+00:00,"Sprite Winter Spiced Cranberry Bottle, 20 fl oz",1.0,18.0,0.0,b264e69d-445c-4284-bb50-e7ecea874377
8667,MACEYS SANTAQUIN,482dcebf-819c-40cc-b36f-2822f0a13589,Self checkout 3,ffc22e91-825e-4921-a90e-30d15b7af37f,2022-11-04 19:25:05+00:00,"Sprite Bottle, 20 fl oz",2.0,18.0,0.0,fac3c507-24ce-4dbb-872c-9dcaddc40dd6
8668,MACEYS SANTAQUIN,482dcebf-819c-40cc-b36f-2822f0a13589,Self checkout 3,ffc22e91-825e-4921-a90e-30d15b7af37f,2022-11-04 19:25:05+00:00,"DASANI Purified Water Bottle, 20 fl oz",5.0,18.0,0.0,9d5d2259-6fa3-4d29-8cde-fe6b1498cd7d
8669,MACEYS SANTAQUIN,482dcebf-819c-40cc-b36f-2822f0a13589,Self checkout 3,ffc22e91-825e-4921-a90e-30d15b7af37f,2022-11-04 19:25:05+00:00,"Coca-Cola Zero Sugar Bottle, 20 fl oz",3.0,18.0,1.9726027397260275,a2673d8c-c3a0-47d3-b72d-605503f1a21a
8670,MACEYS SANTAQUIN,482dcebf-819c-40cc-b36f-2822f0a13589,Self checkout 3,ffc22e91-825e-4921-a90e-30d15b7af37f,2022-11-04 19:25:05+00:00,"Coca-Cola Bottle, 20 fl oz",3.0,18.0,3.945205479452055,cc8c2d73-c386-4814-91b0-f338947f26bc
9358,MACEYS SANTAQUIN,482dcebf-819c-40cc-b36f-2822f0a13589,Self checkout 3,ffc22e91-825e-4921-a90e-30d15b7af37f,2022-11-03 17:05:53+00:00,"Coca-Cola Zero Sugar Bottle, 20 fl oz",2.0,18.0,0.0,a2673d8c-c3a0-47d3-b72d-605503f1a21a
9359,MACEYS SANTAQUIN,482dcebf-819c-40cc-b36f-2822f0a13589,Self checkout 3,ffc22e91-825e-4921-a90e-30d15b7af37f,2022-11-03 17:05:53+00:00,"DASANI Purified Water Bottle, 20 fl oz",2.0,18.0,0.0,9d5d2259-6fa3-4d29-8cde-fe6b1498cd7d
9360,MACEYS SANTAQUIN,482dcebf-819c-40cc-b36f-2822f0a13589,Self checkout 3,ffc22e91-825e-4921-a90e-30d15b7af37f,2022-11-03 17:05:53+00:00,"Sprite Winter Spiced Cranberry Bottle, 20 fl oz",1.0,18.0,0.0,b264e69d-445c-4284-bb50-e7ecea874377
9361,MACEYS SANTAQUIN,482dcebf-819c-40cc-b36f-2822f0a13589,Self checkout 3,ffc22e91-825e-4921-a90e-30d15b7af37f,2022-11-03 17:05:53+00:00,"Sprite Bottle, 20 fl oz",1.0,18.0,0.0,fac3c507-24ce-4dbb-872c-9dcaddc40dd6
9362,MACEYS SANTAQUIN,482dcebf-819c-40cc-b36f-2822f0a13589,Self checkout 3,ffc22e91-825e-4921-a90e-30d15b7af37f,2022-11-03 17:05:53+00:00,"Coca-Cola Bottle, 20 fl oz",1.0,18.0,0.0,cc8c2d73-c386-4814-91b0-f338947f26bc
9363,MACEYS SANTAQUIN,482dcebf-819c-40cc-b36f-2822f0a13589,Self checkout 3,ffc22e91-825e-4921-a90e-30d15b7af37f,2022-11-03 17:05:53+00:00,"Diet Coke Bottle, 20 fl oz",1.0,18.0,0.0,a701c623-579d-42bd-a2fe-a34578c54b24
9901,REAM'S STORE #04,d42cdb23-7cb1-441e-b0db-b8de31f1cf05,Self Checkout 4 (deli cooler),00111d37-65cf-4ced-8bc7-1c86fad2b0a8,2022-11-03 20:10:35+00:00,"Coca-Cola Can, 16 fl oz",2.0,43.0,10.607734806629834,db3ef66c-78a4-4124-904d-04d304a8d04c
9902,REAM'S STORE #04,d42cdb23-7cb1-441e-b0db-b8de31f1cf05,Self Checkout 4 (deli cooler),00111d37-65cf-4ced-8bc7-1c86fad2b0a8,2022-11-03 20:10:35+00:00,"Fanta Orange Soda Can, 16 fl oz",1.0,43.0,6.629834254143646,3961d7ae-5ce4-4600-9190-c8b4e8036943
10390,REAM'S STORE #04,d42cdb23-7cb1-441e-b0db-b8de31f1cf05,Self Checkout 4 (deli cooler),00111d37-65cf-4ced-8bc7-1c86fad2b0a8,2022-11-02 17:42:22+00:00,"Fanta Orange Soda Can, 16 fl oz",2.0,43.0,1.8181818181818181,3961d7ae-5ce4-4600-9190-c8b4e8036943
10392,REAM'S STORE #04,d42cdb23-7cb1-441e-b0db-b8de31f1cf05,Self Checkout 4 (deli cooler),00111d37-65cf-4ced-8bc7-1c86fad2b0a8,2022-11-02 17:42:22+00:00,"Coca-Cola Zero Sugar Can, 16 fl oz",7.0,43.0,8.181818181818182,461ff36f-8658-43dd-a19f-150888082fb2
10394,REAM'S STORE #04,d42cdb23-7cb1-441e-b0db-b8de31f1cf05,Self Checkout 4 (deli cooler),00111d37-65cf-4ced-8bc7-1c86fad2b0a8,2022-11-02 17:42:22+00:00,"Sprite Can, 16 fl oz",5.0,43.0,5.454545454545454,061645d9-ca92-4b5a-80f3-8ba759bf4475
10586,MACEYS SANTAQUIN,482dcebf-819c-40cc-b36f-2822f0a13589,Self checkout 3,ffc22e91-825e-4921-a90e-30d15b7af37f,2022-11-02 16:55:09+00:00,"Coca-Cola Zero Sugar Bottle, 20 fl oz",2.0,18.0,0.0,a2673d8c-c3a0-47d3-b72d-605503f1a21a
10587,MACEYS SANTAQUIN,482dcebf-819c-40cc-b36f-2822f0a13589,Self checkout 3,ffc22e91-825e-4921-a90e-30d15b7af37f,2022-11-02 16:55:09+00:00,"Diet Coke Bottle, 20 fl oz",2.0,18.0,0.0,a701c623-579d-42bd-a2fe-a34578c54b24
10588,MACEYS SANTAQUIN,482dcebf-819c-40cc-b36f-2822f0a13589,Self checkout 3,ffc22e91-825e-4921-a90e-30d15b7af37f,2022-11-02 16:55:09+00:00,"DASANI Purified Water Bottle, 20 fl oz",3.0,18.0,1.9875776397515525,9d5d2259-6fa3-4d29-8cde-fe6b1498cd7d
11299,MACEYS SANTAQUIN,482dcebf-819c-40cc-b36f-2822f0a13589,Self checkout 3,ffc22e91-825e-4921-a90e-30d15b7af37f,2022-11-01 22:28:16+00:00,"Sprite Bottle, 20 fl oz",2.0,18.0,2.603978300180832,fac3c507-24ce-4dbb-872c-9dcaddc40dd6
11301,MACEYS SANTAQUIN,482dcebf-819c-40cc-b36f-2822f0a13589,Self checkout 3,ffc22e91-825e-4921-a90e-30d15b7af37f,2022-11-01 22:28:16+00:00,"Sprite Winter Spiced Cranberry Bottle, 20 fl oz",1.0,18.0,2.603978300180832,b264e69d-445c-4284-bb50-e7ecea874377
11302,MACEYS SANTAQUIN,482dcebf-819c-40cc-b36f-2822f0a13589,Self checkout 3,ffc22e91-825e-4921-a90e-30d15b7af37f,2022-11-01 22:28:16+00:00,"DASANI Purified Water Bottle, 20 fl oz",6.0,18.0,5.207956600361664,9d5d2259-6fa3-4d29-8cde-fe6b1498cd7d
11303,MACEYS SANTAQUIN,482dcebf-819c-40cc-b36f-2822f0a13589,Self checkout 3,ffc22e91-825e-4921-a90e-30d15b7af37f,2022-11-01 22:28:16+00:00,"Diet Coke Bottle, 20 fl oz",3.0,18.0,1.301989150090416,a701c623-579d-42bd-a2fe-a34578c54b24
11381,REAM'S STORE #04,d42cdb23-7cb1-441e-b0db-b8de31f1cf05,Self Checkout 4 (deli cooler),00111d37-65cf-4ced-8bc7-1c86fad2b0a8,2022-11-01 19:50:45+00:00,"Coca-Cola Zero Sugar Can, 16 fl oz",6.0,43.0,3.6000000000000005,461ff36f-8658-43dd-a19f-150888082fb2
11382,REAM'S STORE #04,d42cdb23-7cb1-441e-b0db-b8de31f1cf05,Self Checkout 4 (deli cooler),00111d37-65cf-4ced-8bc7-1c86fad2b0a8,2022-11-01 19:50:45+00:00,"Diet Coke Can, 12 fl oz",9.0,43.0,0.0,54296d45-a85a-4142-aaf9-c6a30a188dcb
11384,REAM'S STORE #04,d42cdb23-7cb1-441e-b0db-b8de31f1cf05,Self Checkout 4 (deli cooler),00111d37-65cf-4ced-8bc7-1c86fad2b0a8,2022-11-01 19:50:45+00:00,"Fanta Orange Soda Can, 16 fl oz",2.0,43.0,0.0,3961d7ae-5ce4-4600-9190-c8b4e8036943
11385,REAM'S STORE #04,d42cdb23-7cb1-441e-b0db-b8de31f1cf05,Self Checkout 4 (deli cooler),00111d37-65cf-4ced-8bc7-1c86fad2b0a8,2022-11-01 19:50:45+00:00,"Sprite Can, 16 fl oz",5.0,43.0,0.0,061645d9-ca92-4b5a-80f3-8ba759bf4475
11386,REAM'S STORE #04,d42cdb23-7cb1-441e-b0db-b8de31f1cf05,Self Checkout 4 (deli cooler),00111d37-65cf-4ced-8bc7-1c86fad2b0a8,2022-11-01 19:50:45+00:00,"Coca-Cola Can, 16 fl oz",1.0,43.0,3.6000000000000005,db3ef66c-78a4-4124-904d-04d304a8d04c
11735,MACEYS SANTAQUIN,482dcebf-819c-40cc-b36f-2822f0a13589,Self checkout 3,ffc22e91-825e-4921-a90e-30d15b7af37f,2022-10-31 14:58:52+00:00,"Coca-Cola Bottle, 20 fl oz",2.0,18.0,3.0540827147401908,cc8c2d73-c386-4814-91b0-f338947f26bc
11736,MACEYS SANTAQUIN,482dcebf-819c-40cc-b36f-2822f0a13589,Self checkout 3,ffc22e91-825e-4921-a90e-30d15b7af37f,2022-10-31 14:58:52+00:00,"Diet Coke Bottle, 20 fl oz",1.0,18.0,0.0,a701c623-579d-42bd-a2fe-a34578c54b24
11737,MACEYS SANTAQUIN,482dcebf-819c-40cc-b36f-2822f0a13589,Self checkout 3,ffc22e91-825e-4921-a90e-30d15b7af37f,2022-10-31 14:58:52+00:00,"DASANI Purified Water Bottle, 20 fl oz",2.0,18.0,0.0,9d5d2259-6fa3-4d29-8cde-fe6b1498cd7d
11861,REAM'S STORE #04,d42cdb23-7cb1-441e-b0db-b8de31f1cf05,Self Checkout 4 (deli cooler),00111d37-65cf-4ced-8bc7-1c86fad2b0a8,2022-10-31 18:47:34+00:00,"Coca-Cola Can, 16 fl oz",2.0,43.0,3.8528428093645486,db3ef66c-78a4-4124-904d-04d304a8d04c
11862,REAM'S STORE #04,d42cdb23-7cb1-441e-b0db-b8de31f1cf05,Self Checkout 4 (deli cooler),00111d37-65cf-4ced-8bc7-1c86fad2b0a8,2022-10-31 18:47:34+00:00,"Fanta Orange Soda Can, 16 fl oz",3.0,43.0,2.8896321070234112,3961d7ae-5ce4-4600-9190-c8b4e8036943
11863,REAM'S STORE #04,d42cdb23-7cb1-441e-b0db-b8de31f1cf05,Self Checkout 4 (deli cooler),00111d37-65cf-4ced-8bc7-1c86fad2b0a8,2022-10-31 18:47:34+00:00,"Diet Coke Can, 16 fl oz",16.0,43.0,9.632107023411372,af1e3098-1fd0-4740-969e-99972a836658
11864,REAM'S STORE #04,d42cdb23-7cb1-441e-b0db-b8de31f1cf05,Self Checkout 4 (deli cooler),00111d37-65cf-4ced-8bc7-1c86fad2b0a8,2022-10-31 18:47:34+00:00,"Coca-Cola Zero Sugar Can, 16 fl oz",4.0,43.0,0.0,461ff36f-8658-43dd-a19f-150888082fb2
11865,REAM'S STORE #04,d42cdb23-7cb1-441e-b0db-b8de31f1cf05,Self Checkout 4 (deli cooler),00111d37-65cf-4ced-8bc7-1c86fad2b0a8,2022-10-31 18:47:34+00:00,"Sprite Can, 16 fl oz",5.0,43.0,1.9264214046822743,061645d9-ca92-4b5a-80f3-8ba759bf4475
12667,REAM'S STORE #04,d42cdb23-7cb1-441e-b0db-b8de31f1cf05,Self Checkout 4 (deli cooler),00111d37-65cf-4ced-8bc7-1c86fad2b0a8,2022-10-28 15:49:15+00:00,"Coca-Cola Zero Sugar Can, 16 fl oz",2.0,43.0,0.0,461ff36f-8658-43dd-a19f-150888082fb2
12668,REAM'S STORE #04,d42cdb23-7cb1-441e-b0db-b8de31f1cf05,Self Checkout 4 (deli cooler),00111d37-65cf-4ced-8bc7-1c86fad2b0a8,2022-10-28 15:49:15+00:00,"Sprite Can, 16 fl oz",4.0,43.0,0.0,061645d9-ca92-4b5a-80f3-8ba759bf4475
12669,REAM'S STORE #04,d42cdb23-7cb1-441e-b0db-b8de31f1cf05,Self Checkout 4 (deli cooler),00111d37-65cf-4ced-8bc7-1c86fad2b0a8,2022-10-28 15:49:15+00:00,"Diet Coke Can, 12 fl oz",0.0,43.0,0.6404269513008672,54296d45-a85a-4142-aaf9-c6a30a188dcb
12670,REAM'S STORE #04,d42cdb23-7cb1-441e-b0db-b8de31f1cf05,Self Checkout 4 (deli cooler),00111d37-65cf-4ced-8bc7-1c86fad2b0a8,2022-10-28 15:49:15+00:00,"Coca-Cola Can, 16 fl oz",4.0,43.0,0.0,db3ef66c-78a4-4124-904d-04d304a8d04c
12671,REAM'S STORE #04,d42cdb23-7cb1-441e-b0db-b8de31f1cf05,Self Checkout 4 (deli cooler),00111d37-65cf-4ced-8bc7-1c86fad2b0a8,2022-10-28 15:49:15+00:00,"Coca-Cola Can, 12 fl oz",2.0,43.0,2.8819212808539025,84cec378-d13a-4894-9408-7d7bb32913f6
12672,REAM'S STORE #04,d42cdb23-7cb1-441e-b0db-b8de31f1cf05,Self Checkout 4 (deli cooler),00111d37-65cf-4ced-8bc7-1c86fad2b0a8,2022-10-28 15:49:15+00:00,"Fanta Orange Soda Can, 16 fl oz",2.0,43.0,0.0,3961d7ae-5ce4-4600-9190-c8b4e8036943
12673,REAM'S STORE #04,d42cdb23-7cb1-441e-b0db-b8de31f1cf05,Self Checkout 4 (deli cooler),00111d37-65cf-4ced-8bc7-1c86fad2b0a8,2022-10-28 15:49:15+00:00,"Diet Coke Can, 16 fl oz",16.0,43.0,0.0,af1e3098-1fd0-4740-969e-99972a836658
12915,MACEYS SANTAQUIN,482dcebf-819c-40cc-b36f-2822f0a13589,Self checkout 3,ffc22e91-825e-4921-a90e-30d15b7af37f,2022-10-30 16:31:30+00:00,"Sprite Winter Spiced Cranberry Bottle, 20 fl oz",2.0,18.0,4.279346210995542,b264e69d-445c-4284-bb50-e7ecea874377
12916,MACEYS SANTAQUIN,482dcebf-819c-40cc-b36f-2822f0a13589,Self checkout 3,ffc22e91-825e-4921-a90e-30d15b7af37f,2022-10-30 16:31:30+00:00,"Coca-Cola Zero Sugar Bottle, 20 fl oz",3.0,18.0,5.349182763744428,a2673d8c-c3a0-47d3-b72d-605503f1a21a
12919,MACEYS SANTAQUIN,482dcebf-819c-40cc-b36f-2822f0a13589,Self checkout 3,ffc22e91-825e-4921-a90e-30d15b7af37f,2022-10-30 16:31:30+00:00,"Sprite Bottle, 20 fl oz",1.0,18.0,2.139673105497771,fac3c507-24ce-4dbb-872c-9dcaddc40dd6
12920,MACEYS SANTAQUIN,482dcebf-819c-40cc-b36f-2822f0a13589,Self checkout 3,ffc22e91-825e-4921-a90e-30d15b7af37f,2022-10-30 16:31:30+00:00,"Diet Coke Bottle, 20 fl oz",3.0,18.0,8.558692421991084,a701c623-579d-42bd-a2fe-a34578c54b24
13534,MACEYS SANTAQUIN,482dcebf-819c-40cc-b36f-2822f0a13589,Self checkout 3,ffc22e91-825e-4921-a90e-30d15b7af37f,2022-10-29 19:48:24+00:00,"Diet Coke Bottle, 20 fl oz",3.0,18.0,0.0,a701c623-579d-42bd-a2fe-a34578c54b24
13535,MACEYS SANTAQUIN,482dcebf-819c-40cc-b36f-2822f0a13589,Self checkout 3,ffc22e91-825e-4921-a90e-30d15b7af37f,2022-10-29 19:48:24+00:00,"DASANI Purified Water Bottle, 20 fl oz",5.0,18.0,0.0,9d5d2259-6fa3-4d29-8cde-fe6b1498cd7d
13536,MACEYS SANTAQUIN,482dcebf-819c-40cc-b36f-2822f0a13589,Self checkout 3,ffc22e91-825e-4921-a90e-30d15b7af37f,2022-10-29 19:48:24+00:00,"Coca-Cola Zero Sugar Bottle, 20 fl oz",3.0,18.0,5.975103734439835,a2673d8c-c3a0-47d3-b72d-605503f1a21a
13537,MACEYS SANTAQUIN,482dcebf-819c-40cc-b36f-2822f0a13589,Self checkout 3,ffc22e91-825e-4921-a90e-30d15b7af37f,2022-10-29 19:48:24+00:00,"Coca-Cola Bottle, 20 fl oz",3.0,18.0,0.0,cc8c2d73-c386-4814-91b0-f338947f26bc
13538,MACEYS SANTAQUIN,482dcebf-819c-40cc-b36f-2822f0a13589,Self checkout 3,ffc22e91-825e-4921-a90e-30d15b7af37f,2022-10-29 19:48:24+00:00,"Sprite Bottle, 20 fl oz",3.0,18.0,5.975103734439835,fac3c507-24ce-4dbb-872c-9dcaddc40dd6
13814,MACEYS SANTAQUIN,482dcebf-819c-40cc-b36f-2822f0a13589,Self checkout 3,ffc22e91-825e-4921-a90e-30d15b7af37f,2022-10-28 21:13:00+00:00,"Diet Coke Bottle, 20 fl oz",3.0,18.0,0.0,a701c623-579d-42bd-a2fe-a34578c54b24
13815,MACEYS SANTAQUIN,482dcebf-819c-40cc-b36f-2822f0a13589,Self checkout 3,ffc22e91-825e-4921-a90e-30d15b7af37f,2022-10-28 21:13:00+00:00,"Coca-Cola Zero Sugar Bottle, 20 fl oz",3.0,18.0,0.0,a2673d8c-c3a0-47d3-b72d-605503f1a21a
13816,MACEYS SANTAQUIN,482dcebf-819c-40cc-b36f-2822f0a13589,Self checkout 3,ffc22e91-825e-4921-a90e-30d15b7af37f,2022-10-28 21:13:00+00:00,"Sprite Bottle, 20 fl oz",3.0,18.0,0.0,fac3c507-24ce-4dbb-872c-9dcaddc40dd6
13817,MACEYS SANTAQUIN,482dcebf-819c-40cc-b36f-2822f0a13589,Self checkout 3,ffc22e91-825e-4921-a90e-30d15b7af37f,2022-10-28 21:13:00+00:00,"DASANI Purified Water Bottle, 20 fl oz",6.0,18.0,6.3810930576070914,9d5d2259-6fa3-4d29-8cde-fe6b1498cd7d
13818,MACEYS SANTAQUIN,482dcebf-819c-40cc-b36f-2822f0a13589,Self checkout 3,ffc22e91-825e-4921-a90e-30d15b7af37f,2022-10-28 21:13:00+00:00,"Coca-Cola Bottle, 20 fl oz",3.0,18.0,2.127031019202364,cc8c2d73-c386-4814-91b0-f338947f26bc
14342,MACEYS SANTAQUIN,482dcebf-819c-40cc-b36f-2822f0a13589,Self checkout 3,ffc22e91-825e-4921-a90e-30d15b7af37f,2022-10-27 15:51:34+00:00,"DASANI Purified Water Bottle, 20 fl oz",1.0,18.0,0.0,9d5d2259-6fa3-4d29-8cde-fe6b1498cd7d
14343,MACEYS SANTAQUIN,482dcebf-819c-40cc-b36f-2822f0a13589,Self checkout 3,ffc22e91-825e-4921-a90e-30d15b7af37f,2022-10-27 15:51:34+00:00,"Coca-Cola Mexico Glass Bottle, 355 mL",1.0,18.0,1.6466552315608922,2afbf093-57b7-4827-9aa7-440a5c947a39
14344,MACEYS SANTAQUIN,482dcebf-819c-40cc-b36f-2822f0a13589,Self checkout 3,ffc22e91-825e-4921-a90e-30d15b7af37f,2022-10-27 15:51:34+00:00,"Coca-Cola Bottle, 20 fl oz",1.0,18.0,0.0,cc8c2d73-c386-4814-91b0-f338947f26bc
15158,REAM'S STORE #04,d42cdb23-7cb1-441e-b0db-b8de31f1cf05,Self Checkout 4 (deli cooler),00111d37-65cf-4ced-8bc7-1c86fad2b0a8,2022-10-26 16:39:09+00:00,"Coca-Cola Can, 12 fl oz",2.0,43.0,0.0,84cec378-d13a-4894-9408-7d7bb32913f6
15159,REAM'S STORE #04,d42cdb23-7cb1-441e-b0db-b8de31f1cf05,Self Checkout 4 (deli cooler),00111d37-65cf-4ced-8bc7-1c86fad2b0a8,2022-10-26 16:39:09+00:00,"Coca-Cola Can, 16 fl oz",8.0,43.0,5.01450957632037,db3ef66c-78a4-4124-904d-04d304a8d04c
15160,REAM'S STORE #04,d42cdb23-7cb1-441e-b0db-b8de31f1cf05,Self Checkout 4 (deli cooler),00111d37-65cf-4ced-8bc7-1c86fad2b0a8,2022-10-26 16:39:09+00:00,"Coca-Cola Zero Sugar Can, 16 fl oz",2.0,43.0,1.67150319210679,461ff36f-8658-43dd-a19f-150888082fb2
15161,REAM'S STORE #04,d42cdb23-7cb1-441e-b0db-b8de31f1cf05,Self Checkout 4 (deli cooler),00111d37-65cf-4ced-8bc7-1c86fad2b0a8,2022-10-26 16:39:09+00:00,"Sprite Can, 16 fl oz",2.0,43.0,6.68601276842716,061645d9-ca92-4b5a-80f3-8ba759bf4475
15163,REAM'S STORE #04,d42cdb23-7cb1-441e-b0db-b8de31f1cf05,Self Checkout 4 (deli cooler),00111d37-65cf-4ced-8bc7-1c86fad2b0a8,2022-10-26 16:39:09+00:00,"Fanta Orange Soda Can, 16 fl oz",2.0,43.0,0.0,3961d7ae-5ce4-4600-9190-c8b4e8036943
16351,REAM'S STORE #04,d42cdb23-7cb1-441e-b0db-b8de31f1cf05,Self Checkout 4 (deli cooler),00111d37-65cf-4ced-8bc7-1c86fad2b0a8,2022-10-25 21:10:20+00:00,"Coca-Cola Can, 12 fl oz",5.0,43.0,13.773913043478261,84cec378-d13a-4894-9408-7d7bb32913f6
16352,REAM'S STORE #04,d42cdb23-7cb1-441e-b0db-b8de31f1cf05,Self Checkout 4 (deli cooler),00111d37-65cf-4ced-8bc7-1c86fad2b0a8,2022-10-25 21:10:20+00:00,"Coca-Cola Zero Sugar Can, 16 fl oz",2.0,43.0,5.008695652173913,461ff36f-8658-43dd-a19f-150888082fb2
16354,REAM'S STORE #04,d42cdb23-7cb1-441e-b0db-b8de31f1cf05,Self Checkout 4 (deli cooler),00111d37-65cf-4ced-8bc7-1c86fad2b0a8,2022-10-25 21:10:20+00:00,"Sprite Can, 16 fl oz",2.0,43.0,10.017391304347827,061645d9-ca92-4b5a-80f3-8ba759bf4475
16356,REAM'S STORE #04,d42cdb23-7cb1-441e-b0db-b8de31f1cf05,Self Checkout 4 (deli cooler),00111d37-65cf-4ced-8bc7-1c86fad2b0a8,2022-10-25 21:10:20+00:00,"Coca-Cola Can, 16 fl oz",5.0,43.0,6.260869565217392,db3ef66c-78a4-4124-904d-04d304a8d04c
16357,REAM'S STORE #04,d42cdb23-7cb1-441e-b0db-b8de31f1cf05,Self Checkout 4 (deli cooler),00111d37-65cf-4ced-8bc7-1c86fad2b0a8,2022-10-25 21:10:20+00:00,"Fanta Orange Soda Can, 16 fl oz",2.0,43.0,7.51304347826087,3961d7ae-5ce4-4600-9190-c8b4e8036943
16695,MACEYS SANTAQUIN,482dcebf-819c-40cc-b36f-2822f0a13589,Self checkout 3,ffc22e91-825e-4921-a90e-30d15b7af37f,2022-10-24 15:53:26+00:00,"Coca-Cola Zero Sugar Bottle, 20 fl oz",1.0,18.0,0.0,a2673d8c-c3a0-47d3-b72d-605503f1a21a
16696,MACEYS SANTAQUIN,482dcebf-819c-40cc-b36f-2822f0a13589,Self checkout 3,ffc22e91-825e-4921-a90e-30d15b7af37f,2022-10-24 15:53:26+00:00,"Sprite Bottle, 20 fl oz",1.0,18.0,0.0,fac3c507-24ce-4dbb-872c-9dcaddc40dd6
16697,MACEYS SANTAQUIN,482dcebf-819c-40cc-b36f-2822f0a13589,Self checkout 3,ffc22e91-825e-4921-a90e-30d15b7af37f,2022-10-24 15:53:26+00:00,"Diet Coke Bottle, 20 fl oz",1.0,18.0,0.0,a701c623-579d-42bd-a2fe-a34578c54b24
16698,MACEYS SANTAQUIN,482dcebf-819c-40cc-b36f-2822f0a13589,Self checkout 3,ffc22e91-825e-4921-a90e-30d15b7af37f,2022-10-24 15:53:26+00:00,"DASANI Purified Water Bottle, 20 fl oz",2.0,18.0,0.0,9d5d2259-6fa3-4d29-8cde-fe6b1498cd7d
16699,MACEYS SANTAQUIN,482dcebf-819c-40cc-b36f-2822f0a13589,Self checkout 3,ffc22e91-825e-4921-a90e-30d15b7af37f,2022-10-24 15:53:26+00:00,"Coca-Cola Bottle, 20 fl oz",2.0,18.0,3.9237057220708444,cc8c2d73-c386-4814-91b0-f338947f26bc
16744,REAM'S STORE #04,d42cdb23-7cb1-441e-b0db-b8de31f1cf05,Self Checkout 4 (deli cooler),00111d37-65cf-4ced-8bc7-1c86fad2b0a8,2022-10-24 17:12:20+00:00,"Coca-Cola Can, 16 fl oz",14.0,43.0,0.0,db3ef66c-78a4-4124-904d-04d304a8d04c
16745,REAM'S STORE #04,d42cdb23-7cb1-441e-b0db-b8de31f1cf05,Self Checkout 4 (deli cooler),00111d37-65cf-4ced-8bc7-1c86fad2b0a8,2022-10-24 17:12:20+00:00,"Coca-Cola Zero Sugar Can, 16 fl oz",4.0,43.0,0.0,461ff36f-8658-43dd-a19f-150888082fb2
16746,REAM'S STORE #04,d42cdb23-7cb1-441e-b0db-b8de31f1cf05,Self Checkout 4 (deli cooler),00111d37-65cf-4ced-8bc7-1c86fad2b0a8,2022-10-24 17:12:20+00:00,"Sprite Can, 16 fl oz",4.0,43.0,0.0,061645d9-ca92-4b5a-80f3-8ba759bf4475
16747,REAM'S STORE #04,d42cdb23-7cb1-441e-b0db-b8de31f1cf05,Self Checkout 4 (deli cooler),00111d37-65cf-4ced-8bc7-1c86fad2b0a8,2022-10-24 17:12:20+00:00,"Diet Coke Can, 16 fl oz",22.0,43.0,0.0,af1e3098-1fd0-4740-969e-99972a836658
16748,REAM'S STORE #04,d42cdb23-7cb1-441e-b0db-b8de31f1cf05,Self Checkout 4 (deli cooler),00111d37-65cf-4ced-8bc7-1c86fad2b0a8,2022-10-24 17:12:20+00:00,"Fanta Orange Soda Can, 16 fl oz",4.0,43.0,0.0,3961d7ae-5ce4-4600-9190-c8b4e8036943
17710,REAM'S STORE #04,d42cdb23-7cb1-441e-b0db-b8de31f1cf05,Self Checkout 4 (deli cooler),00111d37-65cf-4ced-8bc7-1c86fad2b0a8,2022-10-22 20:58:42+00:00,"Coca-Cola Zero Sugar Can, 16 fl oz",2.0,43.0,1.6388467374810318,461ff36f-8658-43dd-a19f-150888082fb2
17712,REAM'S STORE #04,d42cdb23-7cb1-441e-b0db-b8de31f1cf05,Self Checkout 4 (deli cooler),00111d37-65cf-4ced-8bc7-1c86fad2b0a8,2022-10-22 20:58:42+00:00,"Coca-Cola Can, 16 fl oz",3.0,43.0,6.555386949924127,db3ef66c-78a4-4124-904d-04d304a8d04c
17713,REAM'S STORE #04,d42cdb23-7cb1-441e-b0db-b8de31f1cf05,Self Checkout 4 (deli cooler),00111d37-65cf-4ced-8bc7-1c86fad2b0a8,2022-10-22 20:58:42+00:00,"Sprite Can, 16 fl oz",2.0,43.0,4.9165402124430955,061645d9-ca92-4b5a-80f3-8ba759bf4475
17714,REAM'S STORE #04,d42cdb23-7cb1-441e-b0db-b8de31f1cf05,Self Checkout 4 (deli cooler),00111d37-65cf-4ced-8bc7-1c86fad2b0a8,2022-10-22 20:58:42+00:00,"Fanta Orange Soda Can, 16 fl oz",2.0,43.0,2.1851289833080427,3961d7ae-5ce4-4600-9190-c8b4e8036943
17767,MACEYS SANTAQUIN,482dcebf-819c-40cc-b36f-2822f0a13589,Self checkout 3,ffc22e91-825e-4921-a90e-30d15b7af37f,2022-10-23 19:45:49+00:00,"Diet Coke Bottle, 20 fl oz",2.0,18.0,2.388059701492537,a701c623-579d-42bd-a2fe-a34578c54b24
17768,MACEYS SANTAQUIN,482dcebf-819c-40cc-b36f-2822f0a13589,Self checkout 3,ffc22e91-825e-4921-a90e-30d15b7af37f,2022-10-23 19:45:49+00:00,"Coca-Cola Zero Sugar Bottle, 20 fl oz",3.0,18.0,8.35820895522388,a2673d8c-c3a0-47d3-b72d-605503f1a21a
17769,MACEYS SANTAQUIN,482dcebf-819c-40cc-b36f-2822f0a13589,Self checkout 3,ffc22e91-825e-4921-a90e-30d15b7af37f,2022-10-23 19:45:49+00:00,"Sprite Bottle, 20 fl oz",2.0,18.0,0.0,fac3c507-24ce-4dbb-872c-9dcaddc40dd6
17771,MACEYS SANTAQUIN,482dcebf-819c-40cc-b36f-2822f0a13589,Self checkout 3,ffc22e91-825e-4921-a90e-30d15b7af37f,2022-10-23 19:45:49+00:00,"Sprite Winter Spiced Cranberry Bottle, 20 fl oz",2.0,18.0,3.582089552238806,b264e69d-445c-4284-bb50-e7ecea874377
18038,MACEYS SANTAQUIN,482dcebf-819c-40cc-b36f-2822f0a13589,Self checkout 3,ffc22e91-825e-4921-a90e-30d15b7af37f,2022-10-22 22:20:09+00:00,"Coca-Cola Bottle, 20 fl oz",3.0,18.0,0.0,cc8c2d73-c386-4814-91b0-f338947f26bc
18039,MACEYS SANTAQUIN,482dcebf-819c-40cc-b36f-2822f0a13589,Self checkout 3,ffc22e91-825e-4921-a90e-30d15b7af37f,2022-10-22 22:20:09+00:00,"Sprite Bottle, 20 fl oz",2.0,18.0,0.0,fac3c507-24ce-4dbb-872c-9dcaddc40dd6
18040,MACEYS SANTAQUIN,482dcebf-819c-40cc-b36f-2822f0a13589,Self checkout 3,ffc22e91-825e-4921-a90e-30d15b7af37f,2022-10-22 22:20:09+00:00,"Sprite Winter Spiced Cranberry Bottle, 20 fl oz",2.0,18.0,0.0,b264e69d-445c-4284-bb50-e7ecea874377
18041,MACEYS SANTAQUIN,482dcebf-819c-40cc-b36f-2822f0a13589,Self checkout 3,ffc22e91-825e-4921-a90e-30d15b7af37f,2022-10-22 22:20:09+00:00,"DASANI Purified Water Bottle, 20 fl oz",5.0,18.0,0.0,9d5d2259-6fa3-4d29-8cde-fe6b1498cd7d
18042,MACEYS SANTAQUIN,482dcebf-819c-40cc-b36f-2822f0a13589,Self checkout 3,ffc22e91-825e-4921-a90e-30d15b7af37f,2022-10-22 22:20:09+00:00,"Diet Coke Bottle, 20 fl oz",2.0,18.0,0.0,a701c623-579d-42bd-a2fe-a34578c54b24
18043,MACEYS SANTAQUIN,482dcebf-819c-40cc-b36f-2822f0a13589,Self checkout 3,ffc22e91-825e-4921-a90e-30d15b7af37f,2022-10-22 22:20:09+00:00,"Coca-Cola Zero Sugar Bottle, 20 fl oz",3.0,18.0,0.0,a2673d8c-c3a0-47d3-b72d-605503f1a21a
18514,MACEYS SANTAQUIN,482dcebf-819c-40cc-b36f-2822f0a13589,Self checkout 3,ffc22e91-825e-4921-a90e-30d15b7af37f,2022-10-21 19:47:29+00:00,"Sprite Zero Sugar Bottle, 20 fl oz",1.0,18.0,1.815889029003783,42a8740c-a24f-45cb-b027-595a7a7d2458
18515,MACEYS SANTAQUIN,482dcebf-819c-40cc-b36f-2822f0a13589,Self checkout 3,ffc22e91-825e-4921-a90e-30d15b7af37f,2022-10-21 19:47:29+00:00,"Coca-Cola Bottle, 20 fl oz",3.0,18.0,0.9079445145018915,cc8c2d73-c386-4814-91b0-f338947f26bc
18516,MACEYS SANTAQUIN,482dcebf-819c-40cc-b36f-2822f0a13589,Self checkout 3,ffc22e91-825e-4921-a90e-30d15b7af37f,2022-10-21 19:47:29+00:00,"Coca-Cola Zero Sugar Bottle, 20 fl oz",3.0,18.0,1.815889029003783,a2673d8c-c3a0-47d3-b72d-605503f1a21a
18517,MACEYS SANTAQUIN,482dcebf-819c-40cc-b36f-2822f0a13589,Self checkout 3,ffc22e91-825e-4921-a90e-30d15b7af37f,2022-10-21 19:47:29+00:00,"DASANI Purified Water Bottle, 20 fl oz",6.0,18.0,6.355611601513241,9d5d2259-6fa3-4d29-8cde-fe6b1498cd7d
18518,MACEYS SANTAQUIN,482dcebf-819c-40cc-b36f-2822f0a13589,Self checkout 3,ffc22e91-825e-4921-a90e-30d15b7af37f,2022-10-21 19:47:29+00:00,"Diet Coke Bottle, 20 fl oz",3.0,18.0,0.0,a701c623-579d-42bd-a2fe-a34578c54b24
18519,MACEYS SANTAQUIN,482dcebf-819c-40cc-b36f-2822f0a13589,Self checkout 3,ffc22e91-825e-4921-a90e-30d15b7af37f,2022-10-21 19:47:29+00:00,"Sprite Bottle, 20 fl oz",2.0,18.0,3.631778058007566,fac3c507-24ce-4dbb-872c-9dcaddc40dd6
18619,REAM'S STORE #04,d42cdb23-7cb1-441e-b0db-b8de31f1cf05,Self Checkout 4 (deli cooler),00111d37-65cf-4ced-8bc7-1c86fad2b0a8,2022-10-21 15:43:18+00:00,"Diet Coke Can, 16 fl oz",9.0,43.0,0.0,af1e3098-1fd0-4740-969e-99972a836658
18620,REAM'S STORE #04,d42cdb23-7cb1-441e-b0db-b8de31f1cf05,Self Checkout 4 (deli cooler),00111d37-65cf-4ced-8bc7-1c86fad2b0a8,2022-10-21 15:43:18+00:00,"Fanta Orange Soda Can, 16 fl oz",2.0,43.0,4.934323243860651,3961d7ae-5ce4-4600-9190-c8b4e8036943
18621,REAM'S STORE #04,d42cdb23-7cb1-441e-b0db-b8de31f1cf05,Self Checkout 4 (deli cooler),00111d37-65cf-4ced-8bc7-1c86fad2b0a8,2022-10-21 15:43:18+00:00,"Coca-Cola Can, 16 fl oz",3.0,43.0,7.401484865790977,db3ef66c-78a4-4124-904d-04d304a8d04c
18622,REAM'S STORE #04,d42cdb23-7cb1-441e-b0db-b8de31f1cf05,Self Checkout 4 (deli cooler),00111d37-65cf-4ced-8bc7-1c86fad2b0a8,2022-10-21 15:43:18+00:00,"Coca-Cola Can, 12 fl oz",5.0,43.0,13.158195316961736,84cec378-d13a-4894-9408-7d7bb32913f6
18623,REAM'S STORE #04,d42cdb23-7cb1-441e-b0db-b8de31f1cf05,Self Checkout 4 (deli cooler),00111d37-65cf-4ced-8bc7-1c86fad2b0a8,2022-10-21 15:43:18+00:00,"Sprite Can, 16 fl oz",3.0,43.0,5.756710451170759,061645d9-ca92-4b5a-80f3-8ba759bf4475
18624,REAM'S STORE #04,d42cdb23-7cb1-441e-b0db-b8de31f1cf05,Self Checkout 4 (deli cooler),00111d37-65cf-4ced-8bc7-1c86fad2b0a8,2022-10-21 15:43:18+00:00,"Coca-Cola Zero Sugar Can, 16 fl oz",3.0,43.0,5.756710451170759,461ff36f-8658-43dd-a19f-150888082fb2
19325,MACEYS SANTAQUIN,482dcebf-819c-40cc-b36f-2822f0a13589,Self checkout 3,ffc22e91-825e-4921-a90e-30d15b7af37f,2022-10-20 16:34:35+00:00,"Diet Coke Bottle, 20 fl oz",1.0,18.0,0.0,a701c623-579d-42bd-a2fe-a34578c54b24
19326,MACEYS SANTAQUIN,482dcebf-819c-40cc-b36f-2822f0a13589,Self checkout 3,ffc22e91-825e-4921-a90e-30d15b7af37f,2022-10-20 16:34:35+00:00,"Coca-Cola Zero Sugar Bottle, 20 fl oz",1.0,18.0,0.0,a2673d8c-c3a0-47d3-b72d-605503f1a21a
19327,MACEYS SANTAQUIN,482dcebf-819c-40cc-b36f-2822f0a13589,Self checkout 3,ffc22e91-825e-4921-a90e-30d15b7af37f,2022-10-20 16:34:35+00:00,"Sprite Bottle, 20 fl oz",1.0,18.0,0.0,fac3c507-24ce-4dbb-872c-9dcaddc40dd6
19328,MACEYS SANTAQUIN,482dcebf-819c-40cc-b36f-2822f0a13589,Self checkout 3,ffc22e91-825e-4921-a90e-30d15b7af37f,2022-10-20 16:34:35+00:00,"DASANI Purified Water Bottle, 20 fl oz",2.0,18.0,0.0,9d5d2259-6fa3-4d29-8cde-fe6b1498cd7d
19329,MACEYS SANTAQUIN,482dcebf-819c-40cc-b36f-2822f0a13589,Self checkout 3,ffc22e91-825e-4921-a90e-30d15b7af37f,2022-10-20 16:34:35+00:00,"Coca-Cola Bottle, 20 fl oz",2.0,18.0,1.77449168207024,cc8c2d73-c386-4814-91b0-f338947f26bc
19737,REAM'S STORE #04,d42cdb23-7cb1-441e-b0db-b8de31f1cf05,Self Checkout 4 (deli cooler),00111d37-65cf-4ced-8bc7-1c86fad2b0a8,2022-10-19 16:24:37+00:00,"Coca-Cola Can, 12 fl oz",5.0,43.0,10.889449045732807,84cec378-d13a-4894-9408-7d7bb32913f6
19738,REAM'S STORE #04,d42cdb23-7cb1-441e-b0db-b8de31f1cf05,Self Checkout 4 (deli cooler),00111d37-65cf-4ced-8bc7-1c86fad2b0a8,2022-10-19 16:24:37+00:00,"Diet Coke Can, 16 fl oz",13.0,43.0,0.0,af1e3098-1fd0-4740-969e-99972a836658
19739,REAM'S STORE #04,d42cdb23-7cb1-441e-b0db-b8de31f1cf05,Self Checkout 4 (deli cooler),00111d37-65cf-4ced-8bc7-1c86fad2b0a8,2022-10-19 16:24:37+00:00,"Sprite Cans, 12 fl oz, 6 Pack",1.0,43.0,0.0,8f3f5f54-8940-45a4-ad6a-6266611e8220
19740,REAM'S STORE #04,d42cdb23-7cb1-441e-b0db-b8de31f1cf05,Self Checkout 4 (deli cooler),00111d37-65cf-4ced-8bc7-1c86fad2b0a8,2022-10-19 16:24:37+00:00,"Diet Coke Can, 12 fl oz",6.0,43.0,7.778177889809148,54296d45-a85a-4142-aaf9-c6a30a188dcb
19741,REAM'S STORE #04,d42cdb23-7cb1-441e-b0db-b8de31f1cf05,Self Checkout 4 (deli cooler),00111d37-65cf-4ced-8bc7-1c86fad2b0a8,2022-10-19 16:24:37+00:00,"Sprite Can, 16 fl oz",4.0,43.0,3.111271155923659,061645d9-ca92-4b5a-80f3-8ba759bf4475
19742,REAM'S STORE #04,d42cdb23-7cb1-441e-b0db-b8de31f1cf05,Self Checkout 4 (deli cooler),00111d37-65cf-4ced-8bc7-1c86fad2b0a8,2022-10-19 16:24:37+00:00,"Fanta Orange Soda Can, 16 fl oz",2.0,43.0,1.5556355779618296,3961d7ae-5ce4-4600-9190-c8b4e8036943
19743,REAM'S STORE #04,d42cdb23-7cb1-441e-b0db-b8de31f1cf05,Self Checkout 4 (deli cooler),00111d37-65cf-4ced-8bc7-1c86fad2b0a8,2022-10-19 16:24:37+00:00,"Coca-Cola Can, 16 fl oz",5.0,43.0,0.0,db3ef66c-78a4-4124-904d-04d304a8d04c
19744,REAM'S STORE #04,d42cdb23-7cb1-441e-b0db-b8de31f1cf05,Self Checkout 4 (deli cooler),00111d37-65cf-4ced-8bc7-1c86fad2b0a8,2022-10-19 16:24:37+00:00,"Coca-Cola Zero Sugar Can, 16 fl oz",6.0,43.0,6.7410875045012615,461ff36f-8658-43dd-a19f-150888082fb2
20289,MACEYS SANTAQUIN,482dcebf-819c-40cc-b36f-2822f0a13589,Self checkout 3,ffc22e91-825e-4921-a90e-30d15b7af37f,2022-10-19 17:26:32+00:00,"Diet Coke Bottle, 20 fl oz",2.0,18.0,4.152847873107427,a701c623-579d-42bd-a2fe-a34578c54b24
20290,MACEYS SANTAQUIN,482dcebf-819c-40cc-b36f-2822f0a13589,Self checkout 3,ffc22e91-825e-4921-a90e-30d15b7af37f,2022-10-19 17:26:32+00:00,"Coca-Cola Bottle, 20 fl oz",1.0,18.0,3.11463590483057,cc8c2d73-c386-4814-91b0-f338947f26bc
20291,MACEYS SANTAQUIN,482dcebf-819c-40cc-b36f-2822f0a13589,Self checkout 3,ffc22e91-825e-4921-a90e-30d15b7af37f,2022-10-19 17:26:32+00:00,"DASANI Purified Water Bottle, 20 fl oz",2.0,18.0,6.22927180966114,9d5d2259-6fa3-4d29-8cde-fe6b1498cd7d
20292,MACEYS SANTAQUIN,482dcebf-819c-40cc-b36f-2822f0a13589,Self checkout 3,ffc22e91-825e-4921-a90e-30d15b7af37f,2022-10-19 17:26:32+00:00,"Coca-Cola Zero Sugar Bottle, 20 fl oz",2.0,18.0,6.22927180966114,a2673d8c-c3a0-47d3-b72d-605503f1a21a
20975,MACEYS SANTAQUIN,482dcebf-819c-40cc-b36f-2822f0a13589,Self checkout 3,ffc22e91-825e-4921-a90e-30d15b7af37f,2022-10-18 20:27:49+00:00,"Diet Coke Bottle, 20 fl oz",3.0,18.0,2.291169451073986,a701c623-579d-42bd-a2fe-a34578c54b24
20977,MACEYS SANTAQUIN,482dcebf-819c-40cc-b36f-2822f0a13589,Self checkout 3,ffc22e91-825e-4921-a90e-30d15b7af37f,2022-10-18 20:27:49+00:00,"Sprite Zero Sugar Bottle, 20 fl oz",1.0,18.0,0.0,42a8740c-a24f-45cb-b027-595a7a7d2458
20979,MACEYS SANTAQUIN,482dcebf-819c-40cc-b36f-2822f0a13589,Self checkout 3,ffc22e91-825e-4921-a90e-30d15b7af37f,2022-10-18 20:27:49+00:00,"Sprite Bottle, 20 fl oz",2.0,18.0,2.291169451073986,fac3c507-24ce-4dbb-872c-9dcaddc40dd6
21273,REAM'S STORE #04,d42cdb23-7cb1-441e-b0db-b8de31f1cf05,Self Checkout 4 (deli cooler),00111d37-65cf-4ced-8bc7-1c86fad2b0a8,2022-10-18 19:57:33+00:00,"Sprite Can, 16 fl oz",3.0,43.0,0.0,061645d9-ca92-4b5a-80f3-8ba759bf4475
21274,REAM'S STORE #04,d42cdb23-7cb1-441e-b0db-b8de31f1cf05,Self Checkout 4 (deli cooler),00111d37-65cf-4ced-8bc7-1c86fad2b0a8,2022-10-18 19:57:33+00:00,"Fanta Orange Soda Can, 16 fl oz",2.0,43.0,0.0,3961d7ae-5ce4-4600-9190-c8b4e8036943
21275,REAM'S STORE #04,d42cdb23-7cb1-441e-b0db-b8de31f1cf05,Self Checkout 4 (deli cooler),00111d37-65cf-4ced-8bc7-1c86fad2b0a8,2022-10-18 19:57:33+00:00,"Diet Coke Can, 12 fl oz",9.0,43.0,0.0,54296d45-a85a-4142-aaf9-c6a30a188dcb
21276,REAM'S STORE #04,d42cdb23-7cb1-441e-b0db-b8de31f1cf05,Self Checkout 4 (deli cooler),00111d37-65cf-4ced-8bc7-1c86fad2b0a8,2022-10-18 19:57:33+00:00,"Coca-Cola Can, 16 fl oz",10.0,43.0,0.0,db3ef66c-78a4-4124-904d-04d304a8d04c
21277,REAM'S STORE #04,d42cdb23-7cb1-441e-b0db-b8de31f1cf05,Self Checkout 4 (deli cooler),00111d37-65cf-4ced-8bc7-1c86fad2b0a8,2022-10-18 19:57:33+00:00,"Diet Coke Can, 16 fl oz",9.0,43.0,0.0,af1e3098-1fd0-4740-969e-99972a836658
21278,REAM'S STORE #04,d42cdb23-7cb1-441e-b0db-b8de31f1cf05,Self Checkout 4 (deli cooler),00111d37-65cf-4ced-8bc7-1c86fad2b0a8,2022-10-18 19:57:33+00:00,"Coca-Cola Zero Sugar Can, 16 fl oz",6.0,43.0,0.0,461ff36f-8658-43dd-a19f-150888082fb2
21279,REAM'S STORE #04,d42cdb23-7cb1-441e-b0db-b8de31f1cf05,Self Checkout 4 (deli cooler),00111d37-65cf-4ced-8bc7-1c86fad2b0a8,2022-10-18 19:57:33+00:00,"Coca-Cola Can, 12 fl oz",2.0,43.0,0.0,84cec378-d13a-4894-9408-7d7bb32913f6
21660,MACEYS SANTAQUIN,482dcebf-819c-40cc-b36f-2822f0a13589,Self checkout 3,ffc22e91-825e-4921-a90e-30d15b7af37f,2022-10-17 16:54:31+00:00,"Sprite Bottle, 20 fl oz",1.0,18.0,2.6277372262773726,fac3c507-24ce-4dbb-872c-9dcaddc40dd6
21661,MACEYS SANTAQUIN,482dcebf-819c-40cc-b36f-2822f0a13589,Self checkout 3,ffc22e91-825e-4921-a90e-30d15b7af37f,2022-10-17 16:54:31+00:00,"DASANI Purified Water Bottle, 20 fl oz",1.0,18.0,0.0,9d5d2259-6fa3-4d29-8cde-fe6b1498cd7d
21662,MACEYS SANTAQUIN,482dcebf-819c-40cc-b36f-2822f0a13589,Self checkout 3,ffc22e91-825e-4921-a90e-30d15b7af37f,2022-10-17 16:54:31+00:00,"Coca-Cola Zero Sugar Bottle, 20 fl oz",2.0,18.0,0.8759124087591241,a2673d8c-c3a0-47d3-b72d-605503f1a21a
21663,MACEYS SANTAQUIN,482dcebf-819c-40cc-b36f-2822f0a13589,Self checkout 3,ffc22e91-825e-4921-a90e-30d15b7af37f,2022-10-17 16:54:31+00:00,"Diet Coke Bottle, 20 fl oz",1.0,18.0,0.8759124087591241,a701c623-579d-42bd-a2fe-a34578c54b24
21704,REAM'S STORE #04,d42cdb23-7cb1-441e-b0db-b8de31f1cf05,Self Checkout 4 (deli cooler),00111d37-65cf-4ced-8bc7-1c86fad2b0a8,2022-10-17 21:54:13+00:00,"Fanta Orange Soda Can, 16 fl oz",2.0,43.0,6.545454545454546,3961d7ae-5ce4-4600-9190-c8b4e8036943
21705,REAM'S STORE #04,d42cdb23-7cb1-441e-b0db-b8de31f1cf05,Self Checkout 4 (deli cooler),00111d37-65cf-4ced-8bc7-1c86fad2b0a8,2022-10-17 21:54:13+00:00,"Coca-Cola Zero Sugar Can, 16 fl oz",5.0,43.0,0.0,461ff36f-8658-43dd-a19f-150888082fb2
21706,REAM'S STORE #04,d42cdb23-7cb1-441e-b0db-b8de31f1cf05,Self Checkout 4 (deli cooler),00111d37-65cf-4ced-8bc7-1c86fad2b0a8,2022-10-17 21:54:13+00:00,"Sprite Can, 16 fl oz",2.0,43.0,0.0,061645d9-ca92-4b5a-80f3-8ba759bf4475
21708,REAM'S STORE #04,d42cdb23-7cb1-441e-b0db-b8de31f1cf05,Self Checkout 4 (deli cooler),00111d37-65cf-4ced-8bc7-1c86fad2b0a8,2022-10-17 21:54:13+00:00,"Diet Coke Can, 16 fl oz",7.0,43.0,0.0,af1e3098-1fd0-4740-969e-99972a836658
21710,REAM'S STORE #04,d42cdb23-7cb1-441e-b0db-b8de31f1cf05,Self Checkout 4 (deli cooler),00111d37-65cf-4ced-8bc7-1c86fad2b0a8,2022-10-17 21:54:13+00:00,"Coca-Cola Can, 12 fl oz",1.0,43.0,0.0,84cec378-d13a-4894-9408-7d7bb32913f6
21711,REAM'S STORE #04,d42cdb23-7cb1-441e-b0db-b8de31f1cf05,Self Checkout 4 (deli cooler),00111d37-65cf-4ced-8bc7-1c86fad2b0a8,2022-10-17 21:54:13+00:00,"Sprite Cans, 12 fl oz, 6 Pack",2.0,43.0,8.727272727272728,8f3f5f54-8940-45a4-ad6a-6266611e8220
22225,REAM'S STORE #04,d42cdb23-7cb1-441e-b0db-b8de31f1cf05,Self Checkout 4 (deli cooler),00111d37-65cf-4ced-8bc7-1c86fad2b0a8,2022-10-15 20:18:18+00:00,"Coca-Cola Can, 16 fl oz",8.0,43.0,0.0,db3ef66c-78a4-4124-904d-04d304a8d04c
22226,REAM'S STORE #04,d42cdb23-7cb1-441e-b0db-b8de31f1cf05,Self Checkout 4 (deli cooler),00111d37-65cf-4ced-8bc7-1c86fad2b0a8,2022-10-15 20:18:18+00:00,"Coca-Cola Zero Sugar Can, 16 fl oz",6.0,43.0,0.0,461ff36f-8658-43dd-a19f-150888082fb2
22227,REAM'S STORE #04,d42cdb23-7cb1-441e-b0db-b8de31f1cf05,Self Checkout 4 (deli cooler),00111d37-65cf-4ced-8bc7-1c86fad2b0a8,2022-10-15 20:18:18+00:00,"Coca-Cola Can, 12 fl oz",2.0,43.0,2.4217961654894054,84cec378-d13a-4894-9408-7d7bb32913f6
22228,REAM'S STORE #04,d42cdb23-7cb1-441e-b0db-b8de31f1cf05,Self Checkout 4 (deli cooler),00111d37-65cf-4ced-8bc7-1c86fad2b0a8,2022-10-15 20:18:18+00:00,"Sprite Cans, 12 fl oz, 6 Pack",1.0,43.0,1.4530776992936432,8f3f5f54-8940-45a4-ad6a-6266611e8220
22229,REAM'S STORE #04,d42cdb23-7cb1-441e-b0db-b8de31f1cf05,Self Checkout 4 (deli cooler),00111d37-65cf-4ced-8bc7-1c86fad2b0a8,2022-10-15 20:18:18+00:00,"Fanta Orange Soda Can, 16 fl oz",2.0,43.0,0.9687184661957621,3961d7ae-5ce4-4600-9190-c8b4e8036943
22230,REAM'S STORE #04,d42cdb23-7cb1-441e-b0db-b8de31f1cf05,Self Checkout 4 (deli cooler),00111d37-65cf-4ced-8bc7-1c86fad2b0a8,2022-10-15 20:18:18+00:00,"Diet Coke Can, 12 fl oz",10.0,43.0,2.4217961654894054,54296d45-a85a-4142-aaf9-c6a30a188dcb
22231,REAM'S STORE #04,d42cdb23-7cb1-441e-b0db-b8de31f1cf05,Self Checkout 4 (deli cooler),00111d37-65cf-4ced-8bc7-1c86fad2b0a8,2022-10-15 20:18:18+00:00,"Diet Coke Can, 16 fl oz",10.0,43.0,0.0,af1e3098-1fd0-4740-969e-99972a836658
22232,REAM'S STORE #04,d42cdb23-7cb1-441e-b0db-b8de31f1cf05,Self Checkout 4 (deli cooler),00111d37-65cf-4ced-8bc7-1c86fad2b0a8,2022-10-15 20:18:18+00:00,"Sprite Can, 16 fl oz",3.0,43.0,0.0,061645d9-ca92-4b5a-80f3-8ba759bf4475
22711,MACEYS SANTAQUIN,482dcebf-819c-40cc-b36f-2822f0a13589,Self checkout 3,ffc22e91-825e-4921-a90e-30d15b7af37f,2022-10-16 16:14:50+00:00,"Coca-Cola Bottle, 20 fl oz",3.0,18.0,7.7943166441136675,cc8c2d73-c386-4814-91b0-f338947f26bc
22712,MACEYS SANTAQUIN,482dcebf-819c-40cc-b36f-2822f0a13589,Self checkout 3,ffc22e91-825e-4921-a90e-30d15b7af37f,2022-10-16 16:14:50+00:00,"Sprite Zero Sugar Bottle, 20 fl oz",1.0,18.0,1.9485791610284169,42a8740c-a24f-45cb-b027-595a7a7d2458
22714,MACEYS SANTAQUIN,482dcebf-819c-40cc-b36f-2822f0a13589,Self checkout 3,ffc22e91-825e-4921-a90e-30d15b7af37f,2022-10-16 16:14:50+00:00,"Sprite Bottle, 20 fl oz",3.0,18.0,4.871447902571043,fac3c507-24ce-4dbb-872c-9dcaddc40dd6
22715,MACEYS SANTAQUIN,482dcebf-819c-40cc-b36f-2822f0a13589,Self checkout 3,ffc22e91-825e-4921-a90e-30d15b7af37f,2022-10-16 16:14:50+00:00,"Coca-Cola Zero Sugar Bottle, 20 fl oz",3.0,18.0,8.768606224627876,a2673d8c-c3a0-47d3-b72d-605503f1a21a
22716,MACEYS SANTAQUIN,482dcebf-819c-40cc-b36f-2822f0a13589,Self checkout 3,ffc22e91-825e-4921-a90e-30d15b7af37f,2022-10-16 16:14:50+00:00,"Diet Coke Bottle, 20 fl oz",2.0,18.0,0.9742895805142084,a701c623-579d-42bd-a2fe-a34578c54b24
23440,MACEYS SANTAQUIN,482dcebf-819c-40cc-b36f-2822f0a13589,Self checkout 3,ffc22e91-825e-4921-a90e-30d15b7af37f,2022-10-15 17:35:16+00:00,"Sprite Bottle, 20 fl oz",6.0,18.0,3.185840707964602,fac3c507-24ce-4dbb-872c-9dcaddc40dd6
23441,MACEYS SANTAQUIN,482dcebf-819c-40cc-b36f-2822f0a13589,Self checkout 3,ffc22e91-825e-4921-a90e-30d15b7af37f,2022-10-15 17:35:16+00:00,"Coca-Cola Bottle, 20 fl oz",3.0,18.0,0.0,cc8c2d73-c386-4814-91b0-f338947f26bc
23442,MACEYS SANTAQUIN,482dcebf-819c-40cc-b36f-2822f0a13589,Self checkout 3,ffc22e91-825e-4921-a90e-30d15b7af37f,2022-10-15 17:35:16+00:00,"Coca-Cola Zero Sugar Bottle, 20 fl oz",3.0,18.0,1.0619469026548674,a2673d8c-c3a0-47d3-b72d-605503f1a21a
23443,MACEYS SANTAQUIN,482dcebf-819c-40cc-b36f-2822f0a13589,Self checkout 3,ffc22e91-825e-4921-a90e-30d15b7af37f,2022-10-15 17:35:16+00:00,"DASANI Purified Water Bottle, 20 fl oz",6.0,18.0,5.3097345132743365,9d5d2259-6fa3-4d29-8cde-fe6b1498cd7d
23849,REAM'S STORE #04,d42cdb23-7cb1-441e-b0db-b8de31f1cf05,Self Checkout 4 (deli cooler),00111d37-65cf-4ced-8bc7-1c86fad2b0a8,2022-10-14 17:06:50+00:00,"Fanta Orange Soda Can, 16 fl oz",2.0,43.0,0.0,3961d7ae-5ce4-4600-9190-c8b4e8036943
23850,REAM'S STORE #04,d42cdb23-7cb1-441e-b0db-b8de31f1cf05,Self Checkout 4 (deli cooler),00111d37-65cf-4ced-8bc7-1c86fad2b0a8,2022-10-14 17:06:50+00:00,"Coca-Cola Can, 12 fl oz",2.0,43.0,0.0,84cec378-d13a-4894-9408-7d7bb32913f6
23851,REAM'S STORE #04,d42cdb23-7cb1-441e-b0db-b8de31f1cf05,Self Checkout 4 (deli cooler),00111d37-65cf-4ced-8bc7-1c86fad2b0a8,2022-10-14 17:06:50+00:00,"Sprite Can, 16 fl oz",4.0,43.0,4.57433290978399,061645d9-ca92-4b5a-80f3-8ba759bf4475
23852,REAM'S STORE #04,d42cdb23-7cb1-441e-b0db-b8de31f1cf05,Self Checkout 4 (deli cooler),00111d37-65cf-4ced-8bc7-1c86fad2b0a8,2022-10-14 17:06:50+00:00,"Diet Coke Can, 16 fl oz",9.0,43.0,0.0,af1e3098-1fd0-4740-969e-99972a836658
23853,REAM'S STORE #04,d42cdb23-7cb1-441e-b0db-b8de31f1cf05,Self Checkout 4 (deli cooler),00111d37-65cf-4ced-8bc7-1c86fad2b0a8,2022-10-14 17:06:50+00:00,"Diet Coke Can, 12 fl oz",10.0,43.0,8.233799237611182,54296d45-a85a-4142-aaf9-c6a30a188dcb
23854,REAM'S STORE #04,d42cdb23-7cb1-441e-b0db-b8de31f1cf05,Self Checkout 4 (deli cooler),00111d37-65cf-4ced-8bc7-1c86fad2b0a8,2022-10-14 17:06:50+00:00,"Coca-Cola Zero Sugar Can, 16 fl oz",6.0,43.0,1.829733163913596,461ff36f-8658-43dd-a19f-150888082fb2
24118,MACEYS SANTAQUIN,482dcebf-819c-40cc-b36f-2822f0a13589,Self checkout 3,ffc22e91-825e-4921-a90e-30d15b7af37f,2022-10-14 19:24:27+00:00,"Sprite Zero Sugar Bottle, 20 fl oz",2.0,18.0,1.08843537414966,42a8740c-a24f-45cb-b027-595a7a7d2458
24119,MACEYS SANTAQUIN,482dcebf-819c-40cc-b36f-2822f0a13589,Self checkout 3,ffc22e91-825e-4921-a90e-30d15b7af37f,2022-10-14 19:24:27+00:00,"DASANI Purified Water Bottle, 20 fl oz",6.0,18.0,0.0,9d5d2259-6fa3-4d29-8cde-fe6b1498cd7d
24120,MACEYS SANTAQUIN,482dcebf-819c-40cc-b36f-2822f0a13589,Self checkout 3,ffc22e91-825e-4921-a90e-30d15b7af37f,2022-10-14 19:24:27+00:00,"Coca-Cola Zero Sugar Bottle, 20 fl oz",3.0,18.0,1.08843537414966,a2673d8c-c3a0-47d3-b72d-605503f1a21a
24121,MACEYS SANTAQUIN,482dcebf-819c-40cc-b36f-2822f0a13589,Self checkout 3,ffc22e91-825e-4921-a90e-30d15b7af37f,2022-10-14 19:24:27+00:00,"Coca-Cola Bottle, 20 fl oz",3.0,18.0,0.0,cc8c2d73-c386-4814-91b0-f338947f26bc
24122,MACEYS SANTAQUIN,482dcebf-819c-40cc-b36f-2822f0a13589,Self checkout 3,ffc22e91-825e-4921-a90e-30d15b7af37f,2022-10-14 19:24:27+00:00,"Sprite Bottle, 20 fl oz",4.0,18.0,0.0,fac3c507-24ce-4dbb-872c-9dcaddc40dd6
24822,MACEYS SANTAQUIN,482dcebf-819c-40cc-b36f-2822f0a13589,Self checkout 3,ffc22e91-825e-4921-a90e-30d15b7af37f,2022-10-13 16:43:22+00:00,"Coca-Cola Bottle, 20 fl oz",3.0,18.0,0.0,cc8c2d73-c386-4814-91b0-f338947f26bc
24823,MACEYS SANTAQUIN,482dcebf-819c-40cc-b36f-2822f0a13589,Self checkout 3,ffc22e91-825e-4921-a90e-30d15b7af37f,2022-10-13 16:43:22+00:00,"DASANI Purified Water Bottle, 20 fl oz",1.0,18.0,0.0,9d5d2259-6fa3-4d29-8cde-fe6b1498cd7d
24824,MACEYS SANTAQUIN,482dcebf-819c-40cc-b36f-2822f0a13589,Self checkout 3,ffc22e91-825e-4921-a90e-30d15b7af37f,2022-10-13 16:43:22+00:00,"Sprite Bottle, 20 fl oz",1.0,18.0,0.0,fac3c507-24ce-4dbb-872c-9dcaddc40dd6
24918,REAM'S STORE #04,d42cdb23-7cb1-441e-b0db-b8de31f1cf05,Self Checkout 4 (deli cooler),00111d37-65cf-4ced-8bc7-1c86fad2b0a8,2022-10-13 18:36:15+00:00,"Diet Coke Can, 12 fl oz",3.0,43.0,3.5294117647058822,54296d45-a85a-4142-aaf9-c6a30a188dcb
24919,REAM'S STORE #04,d42cdb23-7cb1-441e-b0db-b8de31f1cf05,Self Checkout 4 (deli cooler),00111d37-65cf-4ced-8bc7-1c86fad2b0a8,2022-10-13 18:36:15+00:00,"Sprite Can, 16 fl oz",2.0,43.0,0.0,061645d9-ca92-4b5a-80f3-8ba759bf4475
24920,REAM'S STORE #04,d42cdb23-7cb1-441e-b0db-b8de31f1cf05,Self Checkout 4 (deli cooler),00111d37-65cf-4ced-8bc7-1c86fad2b0a8,2022-10-13 18:36:15+00:00,"Coca-Cola Can, 12 fl oz",2.0,43.0,8.23529411764706,84cec378-d13a-4894-9408-7d7bb32913f6
24921,REAM'S STORE #04,d42cdb23-7cb1-441e-b0db-b8de31f1cf05,Self Checkout 4 (deli cooler),00111d37-65cf-4ced-8bc7-1c86fad2b0a8,2022-10-13 18:36:15+00:00,"Sprite Cans, 12 fl oz, 6 Pack",2.0,43.0,5.882352941176471,8f3f5f54-8940-45a4-ad6a-6266611e8220
24922,REAM'S STORE #04,d42cdb23-7cb1-441e-b0db-b8de31f1cf05,Self Checkout 4 (deli cooler),00111d37-65cf-4ced-8bc7-1c86fad2b0a8,2022-10-13 18:36:15+00:00,"Fanta Orange Soda Can, 16 fl oz",2.0,43.0,0.0,3961d7ae-5ce4-4600-9190-c8b4e8036943
24923,REAM'S STORE #04,d42cdb23-7cb1-441e-b0db-b8de31f1cf05,Self Checkout 4 (deli cooler),00111d37-65cf-4ced-8bc7-1c86fad2b0a8,2022-10-13 18:36:15+00:00,"Coca-Cola Can, 16 fl oz",3.0,43.0,3.5294117647058822,db3ef66c-78a4-4124-904d-04d304a8d04c
24924,REAM'S STORE #04,d42cdb23-7cb1-441e-b0db-b8de31f1cf05,Self Checkout 4 (deli cooler),00111d37-65cf-4ced-8bc7-1c86fad2b0a8,2022-10-13 18:36:15+00:00,"Diet Coke Can, 16 fl oz",2.0,43.0,1.1764705882352942,af1e3098-1fd0-4740-969e-99972a836658
25342,REAM'S STORE #04,d42cdb23-7cb1-441e-b0db-b8de31f1cf05,Self Checkout 4 (deli cooler),00111d37-65cf-4ced-8bc7-1c86fad2b0a8,2022-10-12 14:22:08+00:00,"Fanta Orange Soda Can, 16 fl oz",2.0,43.0,7.664104080425784,3961d7ae-5ce4-4600-9190-c8b4e8036943
25343,REAM'S STORE #04,d42cdb23-7cb1-441e-b0db-b8de31f1cf05,Self Checkout 4 (deli cooler),00111d37-65cf-4ced-8bc7-1c86fad2b0a8,2022-10-12 14:22:08+00:00,"Sprite Cans, 12 fl oz, 6 Pack",1.0,43.0,2.554701360141928,8f3f5f54-8940-45a4-ad6a-6266611e8220
25345,REAM'S STORE #04,d42cdb23-7cb1-441e-b0db-b8de31f1cf05,Self Checkout 4 (deli cooler),00111d37-65cf-4ced-8bc7-1c86fad2b0a8,2022-10-12 14:22:08+00:00,"Coca-Cola Can, 12 fl oz",2.0,43.0,1.7031342400946186,84cec378-d13a-4894-9408-7d7bb32913f6
25524,MACEYS SANTAQUIN,482dcebf-819c-40cc-b36f-2822f0a13589,Self checkout 3,ffc22e91-825e-4921-a90e-30d15b7af37f,2022-10-11 21:41:18+00:00,"Diet Coke Bottle, 20 fl oz",0.0,18.0,2.24824355971897,a701c623-579d-42bd-a2fe-a34578c54b24
25526,MACEYS SANTAQUIN,482dcebf-819c-40cc-b36f-2822f0a13589,Self checkout 3,ffc22e91-825e-4921-a90e-30d15b7af37f,2022-10-11 21:41:18+00:00,"Coca-Cola Bottle, 20 fl oz",3.0,18.0,3.934426229508197,cc8c2d73-c386-4814-91b0-f338947f26bc
25527,MACEYS SANTAQUIN,482dcebf-819c-40cc-b36f-2822f0a13589,Self checkout 3,ffc22e91-825e-4921-a90e-30d15b7af37f,2022-10-11 21:41:18+00:00,"Coca-Cola Zero Sugar Bottle, 20 fl oz",3.0,18.0,6.744730679156909,a2673d8c-c3a0-47d3-b72d-605503f1a21a
26814,REAM'S STORE #04,d42cdb23-7cb1-441e-b0db-b8de31f1cf05,Self Checkout 4 (deli cooler),00111d37-65cf-4ced-8bc7-1c86fad2b0a8,2022-10-10 21:16:32+00:00,"Sprite Cans, 12 fl oz, 6 Pack",4.0,43.0,0.0,8f3f5f54-8940-45a4-ad6a-6266611e8220
26815,REAM'S STORE #04,d42cdb23-7cb1-441e-b0db-b8de31f1cf05,Self Checkout 4 (deli cooler),00111d37-65cf-4ced-8bc7-1c86fad2b0a8,2022-10-10 21:16:32+00:00,"Fanta Orange Soda Can, 16 fl oz",2.0,43.0,0.0,3961d7ae-5ce4-4600-9190-c8b4e8036943
26816,REAM'S STORE #04,d42cdb23-7cb1-441e-b0db-b8de31f1cf05,Self Checkout 4 (deli cooler),00111d37-65cf-4ced-8bc7-1c86fad2b0a8,2022-10-10 21:16:32+00:00,"Sprite Can, 16 fl oz",3.0,43.0,0.0,061645d9-ca92-4b5a-80f3-8ba759bf4475
26817,REAM'S STORE #04,d42cdb23-7cb1-441e-b0db-b8de31f1cf05,Self Checkout 4 (deli cooler),00111d37-65cf-4ced-8bc7-1c86fad2b0a8,2022-10-10 21:16:32+00:00,"Coca-Cola Zero Sugar Can, 16 fl oz",4.0,43.0,0.0,461ff36f-8658-43dd-a19f-150888082fb2
26818,REAM'S STORE #04,d42cdb23-7cb1-441e-b0db-b8de31f1cf05,Self Checkout 4 (deli cooler),00111d37-65cf-4ced-8bc7-1c86fad2b0a8,2022-10-10 21:16:32+00:00,"Coca-Cola Can, 16 fl oz",2.0,43.0,0.9876543209876544,db3ef66c-78a4-4124-904d-04d304a8d04c
26819,REAM'S STORE #04,d42cdb23-7cb1-441e-b0db-b8de31f1cf05,Self Checkout 4 (deli cooler),00111d37-65cf-4ced-8bc7-1c86fad2b0a8,2022-10-10 21:16:32+00:00,"Coca-Cola Can, 12 fl oz",10.0,43.0,9.876543209876544,84cec378-d13a-4894-9408-7d7bb32913f6
26821,REAM'S STORE #04,d42cdb23-7cb1-441e-b0db-b8de31f1cf05,Self Checkout 4 (deli cooler),00111d37-65cf-4ced-8bc7-1c86fad2b0a8,2022-10-10 21:16:32+00:00,"Diet Coke Can, 16 fl oz",3.0,43.0,0.0,af1e3098-1fd0-4740-969e-99972a836658
26825,MACEYS SANTAQUIN,482dcebf-819c-40cc-b36f-2822f0a13589,Self checkout 3,ffc22e91-825e-4921-a90e-30d15b7af37f,2022-10-10 15:54:07+00:00,"DASANI Purified Water Bottle, 20 fl oz",6.0,18.0,0.0,9d5d2259-6fa3-4d29-8cde-fe6b1498cd7d
26826,MACEYS SANTAQUIN,482dcebf-819c-40cc-b36f-2822f0a13589,Self checkout 3,ffc22e91-825e-4921-a90e-30d15b7af37f,2022-10-10 15:54:07+00:00,"Coca-Cola Bottle, 20 fl oz",1.0,18.0,0.0,cc8c2d73-c386-4814-91b0-f338947f26bc
27784,REAM'S STORE #04,d42cdb23-7cb1-441e-b0db-b8de31f1cf05,Self Checkout 4 (deli cooler),00111d37-65cf-4ced-8bc7-1c86fad2b0a8,2022-10-08 20:53:36+00:00,"Diet Coke Can, 12 fl oz",18.0,43.0,0.0,54296d45-a85a-4142-aaf9-c6a30a188dcb
27785,REAM'S STORE #04,d42cdb23-7cb1-441e-b0db-b8de31f1cf05,Self Checkout 4 (deli cooler),00111d37-65cf-4ced-8bc7-1c86fad2b0a8,2022-10-08 20:53:36+00:00,"Coca-Cola Can, 16 fl oz",14.0,43.0,0.0,db3ef66c-78a4-4124-904d-04d304a8d04c
27786,REAM'S STORE #04,d42cdb23-7cb1-441e-b0db-b8de31f1cf05,Self Checkout 4 (deli cooler),00111d37-65cf-4ced-8bc7-1c86fad2b0a8,2022-10-08 20:53:36+00:00,JAVA MONSTER COLD BREW LATTE-KO ENG MNSTR JAVA 13.5Z 12CT 13.5 OZ Aluminum Can,3.0,43.0,3.6963696369636962,7fa590c3-15f2-462a-8f7d-273a3024eac6
27787,REAM'S STORE #04,d42cdb23-7cb1-441e-b0db-b8de31f1cf05,Self Checkout 4 (deli cooler),00111d37-65cf-4ced-8bc7-1c86fad2b0a8,2022-10-08 20:53:36+00:00,815154024112,1.0,43.0,1.584158415841584,68b8fab0-a6ea-4997-90a8-be03575e844c
27788,REAM'S STORE #04,d42cdb23-7cb1-441e-b0db-b8de31f1cf05,Self Checkout 4 (deli cooler),00111d37-65cf-4ced-8bc7-1c86fad2b0a8,2022-10-08 20:53:36+00:00,Monster Zero Ultra Peachy Keen 16oz,5.0,43.0,12.673267326732672,5b87d545-f56c-4a19-bfb4-42f354ffa7a3
27789,REAM'S STORE #04,d42cdb23-7cb1-441e-b0db-b8de31f1cf05,Self Checkout 4 (deli cooler),00111d37-65cf-4ced-8bc7-1c86fad2b0a8,2022-10-08 20:53:36+00:00,Monster Ultra Watermelon,3.0,43.0,4.224422442244224,bd136b5d-fb69-45cd-b71d-4d74a7d5f60d
27790,REAM'S STORE #04,d42cdb23-7cb1-441e-b0db-b8de31f1cf05,Self Checkout 4 (deli cooler),00111d37-65cf-4ced-8bc7-1c86fad2b0a8,2022-10-08 20:53:36+00:00,"Coca-Cola Mexico Glass Bottle, 355 mL",7.0,43.0,10.033003300330034,2afbf093-57b7-4827-9aa7-440a5c947a39
27791,REAM'S STORE #04,d42cdb23-7cb1-441e-b0db-b8de31f1cf05,Self Checkout 4 (deli cooler),00111d37-65cf-4ced-8bc7-1c86fad2b0a8,2022-10-08 20:53:36+00:00,815154024174,3.0,43.0,4.752475247524752,637262e1-cb00-43a2-b573-d1fbce5238fa
27792,REAM'S STORE #04,d42cdb23-7cb1-441e-b0db-b8de31f1cf05,Self Checkout 4 (deli cooler),00111d37-65cf-4ced-8bc7-1c86fad2b0a8,2022-10-08 20:53:36+00:00,JAVA MONSTER COLD BREW Nitro Infused Coffee13.5OZ Aluminum Can,4.0,43.0,4.224422442244224,593fbe5d-adfe-4d43-9071-6ec021fb30df
28092,MACEYS SANTAQUIN,482dcebf-819c-40cc-b36f-2822f0a13589,Self checkout 3,ffc22e91-825e-4921-a90e-30d15b7af37f,2022-10-09 20:23:47+00:00,"Diet Coke Bottle, 20 fl oz",2.0,18.0,7.539267015706808,a701c623-579d-42bd-a2fe-a34578c54b24
28094,MACEYS SANTAQUIN,482dcebf-819c-40cc-b36f-2822f0a13589,Self checkout 3,ffc22e91-825e-4921-a90e-30d15b7af37f,2022-10-09 20:23:47+00:00,"Coca-Cola Bottle, 20 fl oz",3.0,18.0,7.539267015706808,cc8c2d73-c386-4814-91b0-f338947f26bc
28705,MACEYS SANTAQUIN,482dcebf-819c-40cc-b36f-2822f0a13589,Self checkout 3,ffc22e91-825e-4921-a90e-30d15b7af37f,2022-10-08 20:49:22+00:00,"DASANI Purified Water Bottle, 20 fl oz",6.0,18.0,0.0,9d5d2259-6fa3-4d29-8cde-fe6b1498cd7d
28706,MACEYS SANTAQUIN,482dcebf-819c-40cc-b36f-2822f0a13589,Self checkout 3,ffc22e91-825e-4921-a90e-30d15b7af37f,2022-10-08 20:49:22+00:00,"Coca-Cola Zero Sugar Bottle, 20 fl oz",3.0,18.0,3.0573248407643314,a2673d8c-c3a0-47d3-b72d-605503f1a21a
28707,MACEYS SANTAQUIN,482dcebf-819c-40cc-b36f-2822f0a13589,Self checkout 3,ffc22e91-825e-4921-a90e-30d15b7af37f,2022-10-08 20:49:22+00:00,"Coca-Cola Bottle, 20 fl oz",3.0,18.0,1.019108280254777,cc8c2d73-c386-4814-91b0-f338947f26bc
28708,MACEYS SANTAQUIN,482dcebf-819c-40cc-b36f-2822f0a13589,Self checkout 3,ffc22e91-825e-4921-a90e-30d15b7af37f,2022-10-08 20:49:22+00:00,"Sprite Zero Sugar Bottle, 20 fl oz",4.0,18.0,1.019108280254777,42a8740c-a24f-45cb-b027-595a7a7d2458
28709,MACEYS SANTAQUIN,482dcebf-819c-40cc-b36f-2822f0a13589,Self checkout 3,ffc22e91-825e-4921-a90e-30d15b7af37f,2022-10-08 20:49:22+00:00,"Diet Coke Bottle, 20 fl oz",2.0,18.0,1.019108280254777,a701c623-579d-42bd-a2fe-a34578c54b24
29177,MACEYS SANTAQUIN,482dcebf-819c-40cc-b36f-2822f0a13589,Self checkout 3,ffc22e91-825e-4921-a90e-30d15b7af37f,2022-10-07 18:39:06+00:00,"DASANI Purified Water Bottle, 20 fl oz",6.0,18.0,2.7551020408163267,9d5d2259-6fa3-4d29-8cde-fe6b1498cd7d
29178,MACEYS SANTAQUIN,482dcebf-819c-40cc-b36f-2822f0a13589,Self checkout 3,ffc22e91-825e-4921-a90e-30d15b7af37f,2022-10-07 18:39:06+00:00,"Sprite Zero Sugar Bottle, 20 fl oz",4.0,18.0,0.0,42a8740c-a24f-45cb-b027-595a7a7d2458
29179,MACEYS SANTAQUIN,482dcebf-819c-40cc-b36f-2822f0a13589,Self checkout 3,ffc22e91-825e-4921-a90e-30d15b7af37f,2022-10-07 18:39:06+00:00,"Sprite Bottle, 20 fl oz",2.0,18.0,3.6734693877551026,fac3c507-24ce-4dbb-872c-9dcaddc40dd6
29180,MACEYS SANTAQUIN,482dcebf-819c-40cc-b36f-2822f0a13589,Self checkout 3,ffc22e91-825e-4921-a90e-30d15b7af37f,2022-10-07 18:39:06+00:00,"Coca-Cola Bottle, 20 fl oz",3.0,18.0,0.0,cc8c2d73-c386-4814-91b0-f338947f26bc
29181,MACEYS SANTAQUIN,482dcebf-819c-40cc-b36f-2822f0a13589,Self checkout 3,ffc22e91-825e-4921-a90e-30d15b7af37f,2022-10-07 18:39:06+00:00,"Coca-Cola Zero Sugar Bottle, 20 fl oz",3.0,18.0,0.0,a2673d8c-c3a0-47d3-b72d-605503f1a21a
29274,REAM'S STORE #04,d42cdb23-7cb1-441e-b0db-b8de31f1cf05,Self Checkout 4 (deli cooler),00111d37-65cf-4ced-8bc7-1c86fad2b0a8,2022-10-07 15:37:50+00:00,"Coca-Cola Can, 16 fl oz",7.0,43.0,4.2377869334902885,db3ef66c-78a4-4124-904d-04d304a8d04c
29275,REAM'S STORE #04,d42cdb23-7cb1-441e-b0db-b8de31f1cf05,Self Checkout 4 (deli cooler),00111d37-65cf-4ced-8bc7-1c86fad2b0a8,2022-10-07 15:37:50+00:00,"Sprite Can, 16 fl oz",7.0,43.0,15.25603296056504,061645d9-ca92-4b5a-80f3-8ba759bf4475
29276,REAM'S STORE #04,d42cdb23-7cb1-441e-b0db-b8de31f1cf05,Self Checkout 4 (deli cooler),00111d37-65cf-4ced-8bc7-1c86fad2b0a8,2022-10-07 15:37:50+00:00,"Coca-Cola Zero Sugar Can, 16 fl oz",7.0,43.0,1.6951147733961154,461ff36f-8658-43dd-a19f-150888082fb2
29277,REAM'S STORE #04,d42cdb23-7cb1-441e-b0db-b8de31f1cf05,Self Checkout 4 (deli cooler),00111d37-65cf-4ced-8bc7-1c86fad2b0a8,2022-10-07 15:37:50+00:00,"Sprite Cans, 12 fl oz, 6 Pack",1.0,43.0,0.0,8f3f5f54-8940-45a4-ad6a-6266611e8220
29278,REAM'S STORE #04,d42cdb23-7cb1-441e-b0db-b8de31f1cf05,Self Checkout 4 (deli cooler),00111d37-65cf-4ced-8bc7-1c86fad2b0a8,2022-10-07 15:37:50+00:00,"Coca-Cola Can, 12 fl oz",1.0,43.0,1.6951147733961154,84cec378-d13a-4894-9408-7d7bb32913f6
29279,REAM'S STORE #04,d42cdb23-7cb1-441e-b0db-b8de31f1cf05,Self Checkout 4 (deli cooler),00111d37-65cf-4ced-8bc7-1c86fad2b0a8,2022-10-07 15:37:50+00:00,"Diet Coke Can, 16 fl oz",8.0,43.0,4.2377869334902885,af1e3098-1fd0-4740-969e-99972a836658
29280,REAM'S STORE #04,d42cdb23-7cb1-441e-b0db-b8de31f1cf05,Self Checkout 4 (deli cooler),00111d37-65cf-4ced-8bc7-1c86fad2b0a8,2022-10-07 15:37:50+00:00,"Diet Coke Can, 12 fl oz",9.0,43.0,6.7804590935844615,54296d45-a85a-4142-aaf9-c6a30a188dcb
29281,REAM'S STORE #04,d42cdb23-7cb1-441e-b0db-b8de31f1cf05,Self Checkout 4 (deli cooler),00111d37-65cf-4ced-8bc7-1c86fad2b0a8,2022-10-07 15:37:50+00:00,"Fanta Orange Soda Can, 16 fl oz",3.0,43.0,0.0,3961d7ae-5ce4-4600-9190-c8b4e8036943
30227,MACEYS SANTAQUIN,482dcebf-819c-40cc-b36f-2822f0a13589,Self checkout 3,ffc22e91-825e-4921-a90e-30d15b7af37f,2022-10-05 16:25:40+00:00,"DASANI Purified Water Bottle, 20 fl oz",6.0,18.0,2.9189189189189184,9d5d2259-6fa3-4d29-8cde-fe6b1498cd7d
30228,MACEYS SANTAQUIN,482dcebf-819c-40cc-b36f-2822f0a13589,Self checkout 3,ffc22e91-825e-4921-a90e-30d15b7af37f,2022-10-05 16:25:40+00:00,"Coca-Cola Zero Sugar Bottle, 20 fl oz",3.0,18.0,3.891891891891891,a2673d8c-c3a0-47d3-b72d-605503f1a21a
30229,MACEYS SANTAQUIN,482dcebf-819c-40cc-b36f-2822f0a13589,Self checkout 3,ffc22e91-825e-4921-a90e-30d15b7af37f,2022-10-05 16:25:40+00:00,"Sprite Bottle, 20 fl oz",4.0,18.0,2.9189189189189184,fac3c507-24ce-4dbb-872c-9dcaddc40dd6
30230,MACEYS SANTAQUIN,482dcebf-819c-40cc-b36f-2822f0a13589,Self checkout 3,ffc22e91-825e-4921-a90e-30d15b7af37f,2022-10-05 16:25:40+00:00,"Diet Coke Bottle, 20 fl oz",2.0,18.0,1.9459459459459456,a701c623-579d-42bd-a2fe-a34578c54b24
30231,MACEYS SANTAQUIN,482dcebf-819c-40cc-b36f-2822f0a13589,Self checkout 3,ffc22e91-825e-4921-a90e-30d15b7af37f,2022-10-05 16:25:40+00:00,"Coca-Cola Bottle, 20 fl oz",3.0,18.0,5.351351351351351,cc8c2d73-c386-4814-91b0-f338947f26bc
30512,REAM'S STORE #04,d42cdb23-7cb1-441e-b0db-b8de31f1cf05,Self Checkout 4 (deli cooler),00111d37-65cf-4ced-8bc7-1c86fad2b0a8,2022-10-05 19:05:04+00:00,"Coca-Cola Can, 12 fl oz",1.0,43.0,0.0,84cec378-d13a-4894-9408-7d7bb32913f6
30513,REAM'S STORE #04,d42cdb23-7cb1-441e-b0db-b8de31f1cf05,Self Checkout 4 (deli cooler),00111d37-65cf-4ced-8bc7-1c86fad2b0a8,2022-10-05 19:05:04+00:00,"Diet Coke Can, 12 fl oz",4.0,43.0,0.0,54296d45-a85a-4142-aaf9-c6a30a188dcb
30514,REAM'S STORE #04,d42cdb23-7cb1-441e-b0db-b8de31f1cf05,Self Checkout 4 (deli cooler),00111d37-65cf-4ced-8bc7-1c86fad2b0a8,2022-10-05 19:05:04+00:00,"Coca-Cola Zero Sugar Can, 16 fl oz",10.0,43.0,3.8138479001135073,461ff36f-8658-43dd-a19f-150888082fb2
30515,REAM'S STORE #04,d42cdb23-7cb1-441e-b0db-b8de31f1cf05,Self Checkout 4 (deli cooler),00111d37-65cf-4ced-8bc7-1c86fad2b0a8,2022-10-05 19:05:04+00:00,"Fanta Orange Soda Can, 16 fl oz",7.0,43.0,0.0,3961d7ae-5ce4-4600-9190-c8b4e8036943
30516,REAM'S STORE #04,d42cdb23-7cb1-441e-b0db-b8de31f1cf05,Self Checkout 4 (deli cooler),00111d37-65cf-4ced-8bc7-1c86fad2b0a8,2022-10-05 19:05:04+00:00,"Coca-Cola Can, 16 fl oz",6.0,43.0,7.082860385925085,db3ef66c-78a4-4124-904d-04d304a8d04c
30517,REAM'S STORE #04,d42cdb23-7cb1-441e-b0db-b8de31f1cf05,Self Checkout 4 (deli cooler),00111d37-65cf-4ced-8bc7-1c86fad2b0a8,2022-10-05 19:05:04+00:00,"Sprite Can, 16 fl oz",4.0,43.0,5.448354143019296,061645d9-ca92-4b5a-80f3-8ba759bf4475
30518,REAM'S STORE #04,d42cdb23-7cb1-441e-b0db-b8de31f1cf05,Self Checkout 4 (deli cooler),00111d37-65cf-4ced-8bc7-1c86fad2b0a8,2022-10-05 19:05:04+00:00,"Diet Coke Can, 16 fl oz",10.0,43.0,6.538024971623155,af1e3098-1fd0-4740-969e-99972a836658
31711,REAM'S STORE #04,d42cdb23-7cb1-441e-b0db-b8de31f1cf05,Self Checkout 4 (deli cooler),00111d37-65cf-4ced-8bc7-1c86fad2b0a8,2022-10-04 20:49:54+00:00,"Diet Coke Can, 12 fl oz",5.0,43.0,0.0,54296d45-a85a-4142-aaf9-c6a30a188dcb
31712,REAM'S STORE #04,d42cdb23-7cb1-441e-b0db-b8de31f1cf05,Self Checkout 4 (deli cooler),00111d37-65cf-4ced-8bc7-1c86fad2b0a8,2022-10-04 20:49:54+00:00,"Coca-Cola Zero Sugar Can, 16 fl oz",10.0,43.0,10.802700675168794,461ff36f-8658-43dd-a19f-150888082fb2
31713,REAM'S STORE #04,d42cdb23-7cb1-441e-b0db-b8de31f1cf05,Self Checkout 4 (deli cooler),00111d37-65cf-4ced-8bc7-1c86fad2b0a8,2022-10-04 20:49:54+00:00,"Fanta Orange Soda Can, 12 fl oz",1.0,43.0,1.0802700675168793,c2e41fcc-8528-4cf2-a79f-67ad737c0289
31714,REAM'S STORE #04,d42cdb23-7cb1-441e-b0db-b8de31f1cf05,Self Checkout 4 (deli cooler),00111d37-65cf-4ced-8bc7-1c86fad2b0a8,2022-10-04 20:49:54+00:00,"Fanta Orange Soda Can, 16 fl oz",8.0,43.0,2.1605401350337585,3961d7ae-5ce4-4600-9190-c8b4e8036943
31715,REAM'S STORE #04,d42cdb23-7cb1-441e-b0db-b8de31f1cf05,Self Checkout 4 (deli cooler),00111d37-65cf-4ced-8bc7-1c86fad2b0a8,2022-10-04 20:49:54+00:00,"Coca-Cola Can, 16 fl oz",5.0,43.0,4.321080270067517,db3ef66c-78a4-4124-904d-04d304a8d04c
31716,REAM'S STORE #04,d42cdb23-7cb1-441e-b0db-b8de31f1cf05,Self Checkout 4 (deli cooler),00111d37-65cf-4ced-8bc7-1c86fad2b0a8,2022-10-04 20:49:54+00:00,"Coca-Cola Can, 12 fl oz",3.0,43.0,0.0,84cec378-d13a-4894-9408-7d7bb32913f6
31992,MACEYS SANTAQUIN,482dcebf-819c-40cc-b36f-2822f0a13589,Self checkout 3,ffc22e91-825e-4921-a90e-30d15b7af37f,2022-10-04 22:05:07+00:00,"Coca-Cola Bottle, 20 fl oz",3.0,18.0,0.0,cc8c2d73-c386-4814-91b0-f338947f26bc
31993,MACEYS SANTAQUIN,482dcebf-819c-40cc-b36f-2822f0a13589,Self checkout 3,ffc22e91-825e-4921-a90e-30d15b7af37f,2022-10-04 22:05:07+00:00,"DASANI Purified Water Bottle, 20 fl oz",6.0,18.0,0.0,9d5d2259-6fa3-4d29-8cde-fe6b1498cd7d
31994,MACEYS SANTAQUIN,482dcebf-819c-40cc-b36f-2822f0a13589,Self checkout 3,ffc22e91-825e-4921-a90e-30d15b7af37f,2022-10-04 22:05:07+00:00,"Sprite Bottle, 20 fl oz",3.0,18.0,0.0,fac3c507-24ce-4dbb-872c-9dcaddc40dd6
31995,MACEYS SANTAQUIN,482dcebf-819c-40cc-b36f-2822f0a13589,Self checkout 3,ffc22e91-825e-4921-a90e-30d15b7af37f,2022-10-04 22:05:07+00:00,"Diet Coke Bottle, 20 fl oz",3.0,18.0,2.6205641492265697,a701c623-579d-42bd-a2fe-a34578c54b24
31996,MACEYS SANTAQUIN,482dcebf-819c-40cc-b36f-2822f0a13589,Self checkout 3,ffc22e91-825e-4921-a90e-30d15b7af37f,2022-10-04 22:05:07+00:00,"Coca-Cola Zero Sugar Bottle, 20 fl oz",3.0,18.0,0.0,a2673d8c-c3a0-47d3-b72d-605503f1a21a
32494,MACEYS SANTAQUIN,482dcebf-819c-40cc-b36f-2822f0a13589,Self checkout 3,ffc22e91-825e-4921-a90e-30d15b7af37f,2022-10-02 19:34:33+00:00,"Sprite Bottle, 20 fl oz",3.0,18.0,2.3793787177792467,fac3c507-24ce-4dbb-872c-9dcaddc40dd6
32495,MACEYS SANTAQUIN,482dcebf-819c-40cc-b36f-2822f0a13589,Self checkout 3,ffc22e91-825e-4921-a90e-30d15b7af37f,2022-10-02 19:34:33+00:00,"Coca-Cola Zero Sugar Bottle, 20 fl oz",3.0,18.0,1.427627230667548,a2673d8c-c3a0-47d3-b72d-605503f1a21a
32496,MACEYS SANTAQUIN,482dcebf-819c-40cc-b36f-2822f0a13589,Self checkout 3,ffc22e91-825e-4921-a90e-30d15b7af37f,2022-10-02 19:34:33+00:00,"Diet Coke Bottle, 20 fl oz",3.0,18.0,0.0,a701c623-579d-42bd-a2fe-a34578c54b24
32497,MACEYS SANTAQUIN,482dcebf-819c-40cc-b36f-2822f0a13589,Self checkout 3,ffc22e91-825e-4921-a90e-30d15b7af37f,2022-10-02 19:34:33+00:00,"DASANI Purified Water Bottle, 20 fl oz",5.0,18.0,0.0,9d5d2259-6fa3-4d29-8cde-fe6b1498cd7d
32610,REAM'S STORE #04,d42cdb23-7cb1-441e-b0db-b8de31f1cf05,Self Checkout 4 (deli cooler),00111d37-65cf-4ced-8bc7-1c86fad2b0a8,2022-09-29 20:52:21+00:00,"Diet Coke Can, 12 fl oz",8.0,43.0,0.0,54296d45-a85a-4142-aaf9-c6a30a188dcb
32611,REAM'S STORE #04,d42cdb23-7cb1-441e-b0db-b8de31f1cf05,Self Checkout 4 (deli cooler),00111d37-65cf-4ced-8bc7-1c86fad2b0a8,2022-09-29 20:52:21+00:00,"Coca-Cola Zero Sugar Can, 16 fl oz",4.0,43.0,0.0,461ff36f-8658-43dd-a19f-150888082fb2
32612,REAM'S STORE #04,d42cdb23-7cb1-441e-b0db-b8de31f1cf05,Self Checkout 4 (deli cooler),00111d37-65cf-4ced-8bc7-1c86fad2b0a8,2022-09-29 20:52:21+00:00,"Sprite Can, 16 fl oz",2.0,43.0,0.40421052631578946,061645d9-ca92-4b5a-80f3-8ba759bf4475
32613,REAM'S STORE #04,d42cdb23-7cb1-441e-b0db-b8de31f1cf05,Self Checkout 4 (deli cooler),00111d37-65cf-4ced-8bc7-1c86fad2b0a8,2022-09-29 20:52:21+00:00,"Fanta Orange Soda Can, 16 fl oz",5.0,43.0,0.0,3961d7ae-5ce4-4600-9190-c8b4e8036943
32614,REAM'S STORE #04,d42cdb23-7cb1-441e-b0db-b8de31f1cf05,Self Checkout 4 (deli cooler),00111d37-65cf-4ced-8bc7-1c86fad2b0a8,2022-09-29 20:52:21+00:00,"Coca-Cola Can, 12 fl oz",1.0,43.0,0.20210526315789473,84cec378-d13a-4894-9408-7d7bb32913f6
32615,REAM'S STORE #04,d42cdb23-7cb1-441e-b0db-b8de31f1cf05,Self Checkout 4 (deli cooler),00111d37-65cf-4ced-8bc7-1c86fad2b0a8,2022-09-29 20:52:21+00:00,"Diet Coke Can, 16 fl oz",9.0,43.0,0.0,af1e3098-1fd0-4740-969e-99972a836658
32616,REAM'S STORE #04,d42cdb23-7cb1-441e-b0db-b8de31f1cf05,Self Checkout 4 (deli cooler),00111d37-65cf-4ced-8bc7-1c86fad2b0a8,2022-09-29 20:52:21+00:00,"Coca-Cola Can, 16 fl oz",13.0,43.0,0.20210526315789473,db3ef66c-78a4-4124-904d-04d304a8d04c
32617,REAM'S STORE #04,d42cdb23-7cb1-441e-b0db-b8de31f1cf05,Self Checkout 4 (deli cooler),00111d37-65cf-4ced-8bc7-1c86fad2b0a8,2022-09-29 20:52:21+00:00,"Fanta Orange Soda Can, 12 fl oz",1.0,43.0,0.20210526315789473,c2e41fcc-8528-4cf2-a79f-67ad737c0289
34069,MACEYS SANTAQUIN,482dcebf-819c-40cc-b36f-2822f0a13589,Self checkout 3,ffc22e91-825e-4921-a90e-30d15b7af37f,2022-10-01 20:35:10+00:00,"Coca-Cola Zero Sugar Bottle, 20 fl oz",3.0,18.0,4.183006535947713,a2673d8c-c3a0-47d3-b72d-605503f1a21a
34071,MACEYS SANTAQUIN,482dcebf-819c-40cc-b36f-2822f0a13589,Self checkout 3,ffc22e91-825e-4921-a90e-30d15b7af37f,2022-10-01 20:35:10+00:00,"Coca-Cola Bottle, 20 fl oz",3.0,18.0,5.228758169934641,cc8c2d73-c386-4814-91b0-f338947f26bc
34318,MACEYS SANTAQUIN,482dcebf-819c-40cc-b36f-2822f0a13589,Self checkout 3,ffc22e91-825e-4921-a90e-30d15b7af37f,2022-09-30 19:00:56+00:00,"Diet Coke Bottle, 20 fl oz",3.0,18.0,3.759791122715405,a701c623-579d-42bd-a2fe-a34578c54b24
34319,MACEYS SANTAQUIN,482dcebf-819c-40cc-b36f-2822f0a13589,Self checkout 3,ffc22e91-825e-4921-a90e-30d15b7af37f,2022-09-30 19:00:56+00:00,"DASANI Purified Water Bottle, 20 fl oz",6.0,18.0,0.0,9d5d2259-6fa3-4d29-8cde-fe6b1498cd7d
34320,MACEYS SANTAQUIN,482dcebf-819c-40cc-b36f-2822f0a13589,Self checkout 3,ffc22e91-825e-4921-a90e-30d15b7af37f,2022-09-30 19:00:56+00:00,"Coca-Cola Zero Sugar Bottle, 20 fl oz",3.0,18.0,1.8798955613577024,a2673d8c-c3a0-47d3-b72d-605503f1a21a
34321,MACEYS SANTAQUIN,482dcebf-819c-40cc-b36f-2822f0a13589,Self checkout 3,ffc22e91-825e-4921-a90e-30d15b7af37f,2022-09-30 19:00:56+00:00,"Coca-Cola Bottle, 20 fl oz",3.0,18.0,0.0,cc8c2d73-c386-4814-91b0-f338947f26bc
34322,MACEYS SANTAQUIN,482dcebf-819c-40cc-b36f-2822f0a13589,Self checkout 3,ffc22e91-825e-4921-a90e-30d15b7af37f,2022-09-30 19:00:56+00:00,"Sprite Bottle, 20 fl oz",3.0,18.0,0.0,fac3c507-24ce-4dbb-872c-9dcaddc40dd6
34866,MACEYS SANTAQUIN,482dcebf-819c-40cc-b36f-2822f0a13589,Self checkout 3,ffc22e91-825e-4921-a90e-30d15b7af37f,2022-09-29 18:11:17+00:00,"Diet Coke Bottle, 20 fl oz",5.0,18.0,1.9354838709677418,a701c623-579d-42bd-a2fe-a34578c54b24
34867,MACEYS SANTAQUIN,482dcebf-819c-40cc-b36f-2822f0a13589,Self checkout 3,ffc22e91-825e-4921-a90e-30d15b7af37f,2022-09-29 18:11:17+00:00,"DASANI Purified Water Bottle, 20 fl oz",6.0,18.0,0.0,9d5d2259-6fa3-4d29-8cde-fe6b1498cd7d
34868,MACEYS SANTAQUIN,482dcebf-819c-40cc-b36f-2822f0a13589,Self checkout 3,ffc22e91-825e-4921-a90e-30d15b7af37f,2022-09-29 18:11:17+00:00,"Sprite Bottle, 20 fl oz",3.0,18.0,2.9032258064516125,fac3c507-24ce-4dbb-872c-9dcaddc40dd6
34869,MACEYS SANTAQUIN,482dcebf-819c-40cc-b36f-2822f0a13589,Self checkout 3,ffc22e91-825e-4921-a90e-30d15b7af37f,2022-09-29 18:11:17+00:00,"Coca-Cola Zero Sugar Bottle, 20 fl oz",3.0,18.0,0.0,a2673d8c-c3a0-47d3-b72d-605503f1a21a
34870,MACEYS SANTAQUIN,482dcebf-819c-40cc-b36f-2822f0a13589,Self checkout 3,ffc22e91-825e-4921-a90e-30d15b7af37f,2022-09-29 18:11:17+00:00,"Coca-Cola Bottle, 20 fl oz",3.0,18.0,0.0,cc8c2d73-c386-4814-91b0-f338947f26bc
35354,REAM'S STORE #04,d42cdb23-7cb1-441e-b0db-b8de31f1cf05,Self Checkout 4 (deli cooler),00111d37-65cf-4ced-8bc7-1c86fad2b0a8,2022-09-26 18:22:40+00:00,"Coca-Cola Can, 16 fl oz",12.0,43.0,3.3217993079584778,db3ef66c-78a4-4124-904d-04d304a8d04c
35355,REAM'S STORE #04,d42cdb23-7cb1-441e-b0db-b8de31f1cf05,Self Checkout 4 (deli cooler),00111d37-65cf-4ced-8bc7-1c86fad2b0a8,2022-09-26 18:22:40+00:00,"Diet Coke Can, 16 fl oz",19.0,43.0,0.3321799307958478,af1e3098-1fd0-4740-969e-99972a836658
35356,REAM'S STORE #04,d42cdb23-7cb1-441e-b0db-b8de31f1cf05,Self Checkout 4 (deli cooler),00111d37-65cf-4ced-8bc7-1c86fad2b0a8,2022-09-26 18:22:40+00:00,"Sprite Can, 16 fl oz",4.0,43.0,1.9930795847750866,061645d9-ca92-4b5a-80f3-8ba759bf4475
35357,REAM'S STORE #04,d42cdb23-7cb1-441e-b0db-b8de31f1cf05,Self Checkout 4 (deli cooler),00111d37-65cf-4ced-8bc7-1c86fad2b0a8,2022-09-26 18:22:40+00:00,"Fanta Orange Soda Can, 12 fl oz",3.0,43.0,2.3252595155709344,c2e41fcc-8528-4cf2-a79f-67ad737c0289
35358,REAM'S STORE #04,d42cdb23-7cb1-441e-b0db-b8de31f1cf05,Self Checkout 4 (deli cooler),00111d37-65cf-4ced-8bc7-1c86fad2b0a8,2022-09-26 18:22:40+00:00,"Fanta Orange Soda Can, 16 fl oz",8.0,43.0,3.9861591695501732,3961d7ae-5ce4-4600-9190-c8b4e8036943
35359,REAM'S STORE #04,d42cdb23-7cb1-441e-b0db-b8de31f1cf05,Self Checkout 4 (deli cooler),00111d37-65cf-4ced-8bc7-1c86fad2b0a8,2022-09-26 18:22:40+00:00,"Coca-Cola Zero Sugar Can, 16 fl oz",12.0,43.0,0.0,461ff36f-8658-43dd-a19f-150888082fb2
35360,REAM'S STORE #04,d42cdb23-7cb1-441e-b0db-b8de31f1cf05,Self Checkout 4 (deli cooler),00111d37-65cf-4ced-8bc7-1c86fad2b0a8,2022-09-26 18:22:40+00:00,"Coca-Cola Can, 12 fl oz",6.0,43.0,4.650519031141869,84cec378-d13a-4894-9408-7d7bb32913f6
35361,REAM'S STORE #04,d42cdb23-7cb1-441e-b0db-b8de31f1cf05,Self Checkout 4 (deli cooler),00111d37-65cf-4ced-8bc7-1c86fad2b0a8,2022-09-26 18:22:40+00:00,"Diet Coke Can, 12 fl oz",10.0,43.0,13.287197231833911,54296d45-a85a-4142-aaf9-c6a30a188dcb
35392,MACEYS SANTAQUIN,482dcebf-819c-40cc-b36f-2822f0a13589,Self checkout 3,ffc22e91-825e-4921-a90e-30d15b7af37f,2022-09-27 21:05:46+00:00,"Coca-Cola Zero Sugar Bottle, 20 fl oz",3.0,18.0,3.1964483906770256,a2673d8c-c3a0-47d3-b72d-605503f1a21a
35394,MACEYS SANTAQUIN,482dcebf-819c-40cc-b36f-2822f0a13589,Self checkout 3,ffc22e91-825e-4921-a90e-30d15b7af37f,2022-09-27 21:05:46+00:00,"Sprite Bottle, 20 fl oz",2.0,18.0,0.532741398446171,fac3c507-24ce-4dbb-872c-9dcaddc40dd6
35395,MACEYS SANTAQUIN,482dcebf-819c-40cc-b36f-2822f0a13589,Self checkout 3,ffc22e91-825e-4921-a90e-30d15b7af37f,2022-09-27 21:05:46+00:00,"Coca-Cola Bottle, 20 fl oz",3.0,18.0,3.1964483906770256,cc8c2d73-c386-4814-91b0-f338947f26bc
35396,MACEYS SANTAQUIN,482dcebf-819c-40cc-b36f-2822f0a13589,Self checkout 3,ffc22e91-825e-4921-a90e-30d15b7af37f,2022-09-27 21:05:46+00:00,"Diet Coke Bottle, 20 fl oz",3.0,18.0,1.5982241953385128,a701c623-579d-42bd-a2fe-a34578c54b24
35397,MACEYS SANTAQUIN,482dcebf-819c-40cc-b36f-2822f0a13589,Self checkout 3,ffc22e91-825e-4921-a90e-30d15b7af37f,2022-09-27 21:05:46+00:00,"Sprite Bottle, 13.2 fl oz",1.0,18.0,1.065482796892342,dacf0f40-1f88-4f27-914a-84a3dec41949
